user_id,username,user_url,confirm_owner,detail_name,country,user_followers,user_following,track
1084,2F Friendly Sessions,https://www.soundcloud.com/twofriendsfriendlysessions,Yes,Two Friends,"Los Angeles, United States",32536,5,57
1225,99xxxx,https://www.soundcloud.com/99xxxx,Not yet,,,286,0,4207
783,radiofluxo,https://www.soundcloud.com/radiofluxo,Not yet,,,408,1,27569
257,InheritanceTracks,https://www.soundcloud.com/inheritancetracks,Not yet,,,39179,194,23
1262,604recordsmusic,https://www.soundcloud.com/604recordsmusic,Not yet,604 Records,"Vancouver, Canada",250,5,76
915,VOA Dari,https://www.soundcloud.com/voa-dari,Not yet,,,395,0,8
455,Edinburgh Festival Fringe,https://www.soundcloud.com/edfringe,Not yet,Edinburgh Festival Fringe,Edinburgh,315013,1,4
1282,6HOST,https://www.soundcloud.com/6hosttown,Yes,,Los Angeles,6936,173,91
989,UNDERGROUND RESISTANCE,https://www.soundcloud.com/undergroundresistance,Not yet,UR,"Detroit, United States",42659,0,16
896,vm95,https://www.soundcloud.com/user-773555195,Not yet,,,2892,0,22723
185,KompaDirek,https://www.soundcloud.com/kompdirek,Not yet,LAIBHEN,"LAKOU, BROOKLYN",3262,42,14
238,Notes For Notes,https://www.soundcloud.com/notesfornotes,Not yet,,"Austin | Brooklyn | Cleveland | Det, United States",849,64,2080
1280,666 Repost,https://www.soundcloud.com/666repostofficial,Not yet,By 666 Records,"California, United States",2061,10,219
1353,8Ball305,https://www.soundcloud.com/8ball_305,Not yet,Fat Jesu$,Carol City,9300,4,729
635,Syrian Foreign Radios,https://www.soundcloud.com/syrianforeignradios,Not yet,Syrian Foreign Radios,"Damascus, Syrian Arab Republic",415,0,16320
1246,98.7 WVMO,https://www.soundcloud.com/voice-of-monona-wvmo,Not yet,Voice of Monona WVMO,Monona,206,7,1589
712,021G,https://www.soundcloud.com/gandom-021,Not yet,Gandom 021,United Kingdom,34344,1,6
738,0123456,https://www.soundcloud.com/user-95444912,Not yet,,,11,0,4
910,VOA Urdu,https://www.soundcloud.com/voa-urdu,Not yet,,"Washington, United States",1882,0,3
640,Snoop Lion,https://www.soundcloud.com/snooplion,Not yet,Snoop Lion,"Kingston, Jamaica",472731,6,7
337,Heartrocky,https://www.soundcloud.com/heartrocky,Not yet,Heart Rocker,"Bangkok, Thailand",32742,0,18
779,Desired Noise,https://www.soundcloud.com/raymondpittman,Not yet,Raymond P,"Gulfport, United States",23379,2,2
219,Nusrat Fateh Ali Khan,https://www.soundcloud.com/nusrat-fateh-ali-khan-1,Not yet,Nusrat Fateh Ali Khan,Pakistan,107318,0,5
1057,20/20 Vision,https://www.soundcloud.com/2020visionrecordings,Not yet,20/20 Vision Recordings,Leeds,53919,184,463
334,Hanalita Farias,https://www.soundcloud.com/hanalita-farias,Not yet,Hanalita Farias,,127,65,0
861,talkSPORT,https://www.soundcloud.com/talksport,Not yet,talkSPORT,London,69275,44,13
1213,945pst,https://www.soundcloud.com/wpst,Not yet,94.5 PST,"NJ/Philly, United States",714,20,18108
361,Medyascope,https://www.soundcloud.com/medyascopetv,Not yet,,"Istanbul, Turkey",4812,0,20364
717,0UT,https://www.soundcloud.com/0utrecords,Not yet,0UT RECORDS,Kazakhstan,879,380,467
511,Paris Music,https://www.soundcloud.com/parismusicmusic,Not yet,,,5873,0,9398
222,Nea Radio,https://www.soundcloud.com/nea-radio,Not yet,,"Selbu, Norway",438,0,4594
1211,5/8 : radio,https://www.soundcloud.com/5na8radio,Not yet,,,3324,509,411
444,Earwolf,https://www.soundcloud.com/earwolf,Yes,Earwolf Media,"Los Angeles, United States",64948,28,333
857,thegamenashville.com,https://www.soundcloud.com/espnnashville,Not yet,ESPN Nashville,"Nashville, United States",2770,4,35610
128,Atomic [UK],https://www.soundcloud.com/atomicdubstep,Not yet,Ben Fadero,,88356,108,30
279,OrionBooks,https://www.soundcloud.com/orionbooks,Not yet,,London,884145,11,1679
636,Sullivan & Son Podcast,https://www.soundcloud.com/sullivanandson,Not yet,Sullivan Son,"Los Angeles, United States",270589,1,5
758,Desert Island Discs 70-86,https://www.soundcloud.com/desert-island-discs-70-86,Not yet,,,33574,194,5
471,BackStory,https://www.soundcloud.com/backstory,Not yet,BackStory with the American History Guys,"Charlottesville, VA, United States",799757,29,5
1343,808 Radio,https://www.soundcloud.com/808recordings,Yes,808 / Radio / Recordings,"Toledo, Spain",3754,1,1147
142,ayaat_group,https://www.soundcloud.com/ayaat_channel,Not yet,GROUP AYAAT,"Riyadh, Saudi Arabia",21644,0,26
61,Left Handed Radio,https://www.soundcloud.com/lefthandedradio,Not yet,,"New York, United States",51359,3,1
1261,65daysofstatic,https://www.soundcloud.com/65daysofstatic,Yes,,"Sheffield, United Kingdom",17404,2,133
806,RZAWU,https://www.soundcloud.com/rzawu,Not yet,The RZA,"Hollywood, United States",79450,0,48
575,WXRW riverwestradio.com 104.1fm,https://www.soundcloud.com/user-240416425,Not yet,,"Milwaukee, United States",813,2,8106
387,maine325,https://www.soundcloud.com/maine325,Not yet,,,86,0,0
666,Feiyr,https://www.soundcloud.com/feiyr,Not yet,,Germany,4995,1899,79
1368,8xm,https://www.soundcloud.com/8xm,Not yet,8XM PAKISTAN -  PLAY LIST,Pakistan,23279,0,8
773,David Goren Tunes You In Productions,https://www.soundcloud.com/murray-street,Not yet,,"Brooklyn, United States",503097,32,28
276,Okeh Records,https://www.soundcloud.com/okeh-records,Yes,,"New York, United States",4228722,0,0
1121,3BlackGeeks,https://www.soundcloud.com/3blackgeeks,Not yet,,"The DMV!!!!!, United States",288,22,1016
334,Hanalita Farias,https://www.soundcloud.com/hanalita-farias,Not yet,Hanalita Farias,,127,65,0
1085,290,https://www.soundcloud.com/two290ninety,Yes,,"Ulaanbaatar, Mongolia",22670,0,59
839,ZOLA JESUS,https://www.soundcloud.com/zolajesus,Yes,nika,,19964,22,173
706,0,https://www.soundcloud.com/h0123,Not yet,,,38259,1,22
934,VOA Somali,https://www.soundcloud.com/voa-somali,Not yet,VOA  Somali,"Washington, DC, United States",1083,0,3
574,WSTheWhyFactor,https://www.soundcloud.com/wsthewhyfactor,Not yet,World Service The Why Factor,London,340464,194,10
586,Yoga Music,https://www.soundcloud.com/yogamusicofficial,Not yet,,,1835,0,13380
741,0616177.9.33.siri,https://www.soundcloud.com/0616177-9-33-siri,Not yet,,,6,0,114
641,Soul Jazz Records,https://www.soundcloud.com/soul-jazz-records,Not yet,,"London, United Kingdom",228293,2,12
66,Limmy,https://www.soundcloud.com/limmy,Not yet,Brian Limond,"Glasgow, United Kingdom",46339,8,98
1079,2 MC's & A MIC PODCAST,https://www.soundcloud.com/2mcstv,Not yet,Time Zone Media Company,"Atlanta, United States",986,0,3
1149,4Beat Records,https://www.soundcloud.com/4beat-records,Not yet,4Beat Records,ALL DEMOS → demo@4beatrecords.org,7585,4,782
709,"0852-5756-6933, Jual Akun Tiktok Murah",https://www.soundcloud.com/jual-akun-tiktok,Not yet,"0852-5756-6933, Jual Akun tiktokmurah","malang, Indonesia",9,0,521
633,SPORT1.fm,https://www.soundcloud.com/gridboyspodcast,Not yet,,Germany,443642,6,14
991,Urania Cremene,https://www.soundcloud.com/uraniacremene,Not yet,Urania Cremene,"Bucuresti, Romania",1457,0,0
852,ZAHNI MUSIX supported by ill Patron,https://www.soundcloud.com/zahni_live,Not yet,,"Chemnitz, Magdeburg , Germany",58474,25,217
950,Xavier Dang,https://www.soundcloud.com/xavierdang,Not yet,Xavier Dang,"Paris, France",18342,70,107
92,Cecelia Pitt,https://www.soundcloud.com/cecelia-pitt,Not yet,Cecelia Pitt,"Hamilton, Bermuda",306,2,11804
1352,89.1 WEMU,https://www.soundcloud.com/wemu891,Not yet,89.1 WEMU FM,"Ann Arbor & Ypsilanti, United States",303,136,1352
794,Reith Lectures 1976-2011,https://www.soundcloud.com/reith-lectures-1976-2011,Not yet,The Reith Lectures Archive 1976-2011,,351198,194,3
1018,13347DE,https://www.soundcloud.com/13347de,Not yet,,,111,3,0
902,Vieka,https://www.soundcloud.com/vieka,Not yet,Vieka Plays,England,769457,145,59
636,Sullivan & Son Podcast,https://www.soundcloud.com/sullivanandson,Not yet,Sullivan Son,"Los Angeles, United States",270589,1,5
887,The Sporkful Podcast,https://www.soundcloud.com/sporkful,Not yet,"It's not for foodies, it's for eaters",,165465,1,38
369,Mehrad Hidden,https://www.soundcloud.com/mehradhiddenofficial,Yes,,,142157,4,38
461,ELEVATE,https://www.soundcloud.com/elevate-6,Not yet,ELEVATE,Spain,15430,2,510
246,INgroovesmarketing,https://www.soundcloud.com/ingroovesmarketing,Yes,INgrooves Marketing,"Encino, United States",4475,30,448
354,hyelinchurch,https://www.soundcloud.com/hyelinchurch,Not yet,,Kyonggi-Do,85,0,1
311,onePlaylistUser,https://www.soundcloud.com/oneplaylistuser,Not yet,,,28,239,0
399,"Good Job, Brain!",https://www.soundcloud.com/goodjobbrain,Not yet,,"San Francisco, United States",954031,0,3
252,Irwan Mix,https://www.soundcloud.com/irwanmix_80,Yes,,"Medan, Indonesia",29341,51,641
604,Yoga Music,https://www.soundcloud.com/yogamusic104535,Not yet,,,128,0,2703
1185,50 Carrot,https://www.soundcloud.com/50carrot-dubstep,Yes,50  Carrot,"Leeds, United Kingdom",64147,775,69
318,Hawa Smart,https://www.soundcloud.com/hawa-smart,Not yet,Hawa Smart,"Damascus, Syrian Arab Republic",1812,1,25035
1176,5COTT (official),https://www.soundcloud.com/5cott,Not yet,,,876285,1144,8
488,BBC Desert Island Discs,https://www.soundcloud.com/desert-island-discs-1,Not yet,,"Broadcasting House, London, United Kingdom",14377,194,5
376,Major Dr Pravin Prathip J,https://www.soundcloud.com/pravin-prathip-j,Not yet,Pravin J,"chennai, India",44,18,2
236,nuncacreas.net,https://www.soundcloud.com/nuncacreas,Not yet,johnny cruz,,851,33,51
281,Ola Englund,https://www.soundcloud.com/ola-englund,Not yet,Ola Englund,Sweden,403697,13,62
267,InfectiousPR,https://www.soundcloud.com/infectiouspr,Not yet,,"Bristol, United Kingdom",442,461,0
1031,107.8,https://www.soundcloud.com/user-953568,Not yet,,"ADDIS ABABA, Ethiopia",277,0,5179
465,EDMLead House,https://www.soundcloud.com/edmlead-house,Not yet,● Tomorrowland ● EDM ● Promotion ● Trap ● Pop ●,"Leeds, United Kingdom",139052,8,16
102,Chill Nation,https://www.soundcloud.com/allchillnation,Yes,,Worldwide,293637,1309,22
1353,8Ball305,https://www.soundcloud.com/8ball_305,Not yet,Fat Jesu$,Carol City,9300,4,729
427,Go Pro Podcast with Eric Worre,https://www.soundcloud.com/networkmarketingpro,Not yet,Eric Worre,,5932,0,17
345,Hypeddit Samples,https://www.soundcloud.com/hypedditsamples,Not yet,,"Brooklyn, United States",58816,0,9
566,World Rugby,https://www.soundcloud.com/worldrugby,Not yet,,,451618,13,24
1272,666,https://www.soundcloud.com/666666uytrew,Not yet,N,"Abu Dhabi, United Arab Emirates",2653,5,33
138,A Point Of View,https://www.soundcloud.com/apointofview,Not yet,,London,41207,194,17
484,Berlin Community Radio,https://www.soundcloud.com/berlincommunityradio,Not yet,,"Berlin, Germany",24547,288,1
138,A Point Of View,https://www.soundcloud.com/apointofview,Not yet,,London,41207,194,17
1034,14th Street Music,https://www.soundcloud.com/14th-street-music,Not yet,,United States,255,38,70
1310,777villain,https://www.soundcloud.com/777villain,Not yet,@777villain,"Tampa, Florida",7792,1,70
357,MacmillanAudio,https://www.soundcloud.com/macaudio-2,Not yet,,"New York, United States",952243,17,3473
588,yup.digital,https://www.soundcloud.com/yup-digital,Not yet,,,216,0,431
987,user818784795,https://www.soundcloud.com/user818784795,Not yet,,,44,0,0
726,07-668,https://www.soundcloud.com/07-668,Not yet,,"Hamilton FMG , New Zealand",2160,2005,15
56,Liwajhillah TV,https://www.soundcloud.com/liwajhillahtv,Not yet,Muazzam Ali,"Gujranwala, Pakistan",396,2,33
24,Jr Blender,https://www.soundcloud.com/jrblender,Not yet,,"Hamburg, Germany",56131,16,11
1322,7Wallace,https://www.soundcloud.com/7-wallace,Not yet,7Wallace,London,5931,251,3
226,Newsradio 1150 KSAL,https://www.soundcloud.com/oddittenger,Not yet,Todd Pittenger,,321,0,3994
1327,71RO (ZI Romantic),https://www.soundcloud.com/71ro,Not yet,Mikolaj  Janusz,"Warsaw, Poland",517,6,3
371,moonchild,https://www.soundcloud.com/moonchild-30,Not yet,,,579,0,0
1125,311,https://www.soundcloud.com/311official,Not yet,,,4973,0,293
1335,800 Pound Gorilla Records,https://www.soundcloud.com/user-954895437,Not yet,,,27,0,308
1285,6ig angu5 Selected,https://www.soundcloud.com/6ig-angu5-selected,Yes,Digital Record Label,"In Between 20 & 20,000",20747,543,9
340,Holy-Quran,https://www.soundcloud.com/ctzwayna,Not yet,,"Pantin, France",5794,0,61
1150,45minutos,https://www.soundcloud.com/45minutos,Not yet,Podcast 45 Minutos,"Recife, Brazil",1623,17,2
118,childrensradiofoundation,https://www.soundcloud.com/childrensradiofoundation,Not yet,Children's  Radio Foundation,Cape Town,23103,152,1930
1033,1Twente,https://www.soundcloud.com/1twente,Not yet,1Twente,"Twente, Netherlands",250,2,4515
86,La Dinastia de Tuzantla,https://www.soundcloud.com/ladinastiadetuzantla,Not yet,La Dinastia de Tuzantla,,12333,0,0
622,Yannick Peary,https://www.soundcloud.com/whoisypp,Not yet,,,97080,4,3
1137,4shbab,https://www.soundcloud.com/4shbab,Not yet,,,11333,0,4
1125,311,https://www.soundcloud.com/311official,Not yet,,,4973,0,293
302,Olive Suno Radio Network,https://www.soundcloud.com/olivesunoradionetwork,Not yet,Olive Suno Radio Network,"Doha, Qatar",156,0,71
391,Minh Trí 12,https://www.soundcloud.com/minh-tr-11,Not yet,Trí Minh,,80017,7,2
399,"Good Job, Brain!",https://www.soundcloud.com/goodjobbrain,Not yet,,"San Francisco, United States",954031,0,3
224,Nawtico,https://www.soundcloud.com/nawtico,Not yet,,,6765,3,2
524,premierguitar,https://www.soundcloud.com/premierguitar,Not yet,Premier Guitar,"Iowa, United States",7667,1,5547
454,Evolution Podcast Network,https://www.soundcloud.com/evolutionpodcastnetwork,Not yet,Evolution Storytelling Company,"Burnaby, BC, Canada",508,33,3932
904,VOAKorea,https://www.soundcloud.com/voakorea,Not yet,,,229,8,3
752,DJ LC do Martins,https://www.soundcloud.com/djlcdomartins,Yes,,"Rio de Janeiro, Brazil",99043,23,682
1267,66/40 Radio,https://www.soundcloud.com/6640,Not yet,,,428,2,737
166,Kindle Love Stories,https://www.soundcloud.com/amazon-publishing,Not yet,,,943894,0,11
1002,User 741088654,https://www.soundcloud.com/cgiresmwwqpp,Not yet,,,26,1,0
530,P. Jonathan Funes Escobar,https://www.soundcloud.com/jonathan-funes-escobar,Not yet,Jonathan Escobar,,5525,0,7
425,Glitter in the Garbage,https://www.soundcloud.com/glitter-in-the-garbage,Yes,,,22564,0,0
1243,95.1ThePeakFM,https://www.soundcloud.com/95-1thepeakfm,Not yet,,"Collingwood, Canada",130,24,30
1137,4shbab,https://www.soundcloud.com/4shbab,Not yet,,,11333,0,4
821,Zim Urban Link,https://www.soundcloud.com/zimurbanlounge,Not yet,,"Harare, Zimbabwe",3770,97,14260
455,Edinburgh Festival Fringe,https://www.soundcloud.com/edfringe,Not yet,Edinburgh Festival Fringe,Edinburgh,315013,1,4
550,Westbam,https://www.soundcloud.com/westbam_soundcloud,Yes,,"Berlin, Germany",1060732,0,87
821,Zim Urban Link,https://www.soundcloud.com/zimurbanlounge,Not yet,,"Harare, Zimbabwe",3770,97,14260
257,InheritanceTracks,https://www.soundcloud.com/inheritancetracks,Not yet,,,39179,194,23
248,Infos CHGA,https://www.soundcloud.com/infos-chga,Not yet,,,655,0,608
1247,91.3 KBCS,https://www.soundcloud.com/91-3kbcs,Not yet,91.3 KBCS,"Bellevue, Washington, United States",250,53,1358
42,Lions Tour 2013,https://www.soundcloud.com/lions-tour-2013,Not yet,,,191091,0,49
1120,3KND Kool N Deadly,https://www.soundcloud.com/3knd,Not yet,,"Melbourne, Australia",178,45,1188
735,05274O6369 Dubai SEXY,https://www.soundcloud.com/user-957446680,Not yet,,,4,0,370
1244,9zhou87v5,https://www.soundcloud.com/9zhou87v5,Not yet,,,37,0,191
567,wnmcradio,https://www.soundcloud.com/wnmcradio,Not yet,Eric Hines,"Traverse City, United States",430,5,11206
1350,88rising,https://www.soundcloud.com/88rising,Yes,,Global,70488,58,65
368,MaherZain,https://www.soundcloud.com/maherzain,Not yet,Maher Zain,Sweden,105705,0,0
190,Knowledge Is Power Promo,https://www.soundcloud.com/knowledge-is-power-promo,Not yet,Jack  Matthews,"oxford, United Kingdom",5202,1974,2504
173,Karolina Gawor,https://www.soundcloud.com/karolina-gawor,Not yet,Karolina Gawor,,46163,4,0
66,Limmy,https://www.soundcloud.com/limmy,Not yet,Brian Limond,"Glasgow, United Kingdom",46339,8,98
1163,4EB.Persian,https://www.soundcloud.com/4ebpersian,Not yet,,"Brisbane, Australia",407,0,663
1264,6Foot4Honda,https://www.soundcloud.com/6foot4honda,Not yet,,,12759,45,94
196,KERN Radio,https://www.soundcloud.com/louis-amestoy,Not yet,KERN Radio,"Bakersfield, United States",395,1,3369
202,Koibu,https://www.soundcloud.com/koibu0,Not yet,Neal Erickson,"Santa Barbara, United States",415,0,3
761,djmixes,https://www.soundcloud.com/djmixes,Not yet,,"London, UK.",21396,1,1
1135,4B,https://www.soundcloud.com/dj4b,Yes,DJ 4B,Jersey,136028,706,107
1012,1070 NOTICIAS,https://www.soundcloud.com/1070-noticias,Not yet,Radio Noticias,Guadalajara,1025,12,15
746,DW Türkçe,https://www.soundcloud.com/dw-turkce,Yes,DW Türkçe,"Bonn, Germany",122696,0,5500
580,WSDoucumentariesArchive09,https://www.soundcloud.com/wsdoucumentariesarchive09,Not yet,World Service Documentaries Archive 2009,London,325317,194,7
96,Costing The Earth,https://www.soundcloud.com/bbcr4costingtheearth,Not yet,,,349543,194,6
234,nmemagazine,https://www.soundcloud.com/nmemagazine,Not yet,NME,"London, United Kingdom",16510,2,51
1175,5SOS,https://www.soundcloud.com/5-seconds-of-summer,Yes,5 Seconds of Summer,"Sydney, Australia",247729,0,187
363,MegaboomRadio,https://www.soundcloud.com/megaboomradio,Not yet,Megaboom!! Radio,"Los Angeles, United States",87702,2,7
1101,365 Artists,https://www.soundcloud.com/365-artists,Not yet,,"London, United Kingdom",409,17,9
569,We Are Going Up Podcast,https://www.soundcloud.com/wagupodcast,Not yet,,London,157714,6,7
877,The Times and Sunday Times,https://www.soundcloud.com/thetimesandsundaytimes,Not yet,The  Times,London,95844,13,43
1193,55x55,https://www.soundcloud.com/55x55,Not yet,,,14138,0,22
1201,5DLO$,https://www.soundcloud.com/5dlos,Not yet,5D Lo$,,15693,2,145
1079,2 MC's & A MIC PODCAST,https://www.soundcloud.com/2mcstv,Not yet,Time Zone Media Company,"Atlanta, United States",986,0,3
1002,User 741088654,https://www.soundcloud.com/cgiresmwwqpp,Not yet,,,26,1,0
357,MacmillanAudio,https://www.soundcloud.com/macaudio-2,Not yet,,"New York, United States",952243,17,3473
16,Johnny,https://www.soundcloud.com/johnnybmoses,Not yet,Johnny Moses,"Negril, Jamaica",479,234,876
1093,3BEAT,https://www.soundcloud.com/3beat,Not yet,,Liverpool,48154,38,1383
560,Wind-up Records,https://www.soundcloud.com/wind-up-records,Yes,,"New York, United States",478363,254,28
739,03osc,https://www.soundcloud.com/03osc,Yes,,,3171,48,94
1149,4Beat Records,https://www.soundcloud.com/4beat-records,Not yet,4Beat Records,ALL DEMOS → demo@4beatrecords.org,7585,4,782
419,God Blessings Church,https://www.soundcloud.com/god-blessings-church,Not yet,God Blessings Church,Japan,511,0,42
1350,88rising,https://www.soundcloud.com/88rising,Yes,,Global,70488,58,65
475,Boyce Avenue,https://www.soundcloud.com/boyceavenue,Not yet,Boyce Avenue,"Sarasota / Orlando, United States",213409,0,18
1176,5COTT (official),https://www.soundcloud.com/5cott,Not yet,,,876285,1144,8
566,World Rugby,https://www.soundcloud.com/worldrugby,Not yet,,,451618,13,24
115,Charles Adler,https://www.soundcloud.com/thecharlesadlershow,Not yet,Charles Adler,"Winnipeg, Canada",695,0,9
882,Tech It Or Leave It,https://www.soundcloud.com/techitorleaveit,Not yet,,"England, United Kingdom",511626,18,161
706,0,https://www.soundcloud.com/h0123,Not yet,,,38259,1,22
1063,21st Hapilos Digital Distribution,https://www.soundcloud.com/21sthapilos,Yes,21st Hapilos Digital Distribution,United States,13946,1917,1013
244,Intelligence Squared,https://www.soundcloud.com/intelligence2,Not yet,Intelligence Squared,London,1295669,2,1
499,being_human,https://www.soundcloud.com/being_human,Not yet,Being Human,"London, United Kingdom",34666,194,7
69,Learning Vietnamese With SVFF,https://www.soundcloud.com/learning-vienamese-svff,Not yet,Learning Vietnamese With SVFF,"Ho Chi Minh City, Viet Nam",101,0,341
241,IAMBENGA,https://www.soundcloud.com/illuminate_music,Yes,Benga Adejumo,London,3378275,7,0
1111,3enba x Sasa ON FIRE  عنبه و عصام صاصا - اون فاير,https://www.soundcloud.com/medhatbondo2,Not yet,3enba essam sasa,"cairo, Egypt",54341,3,29
810,Remote Patrol,https://www.soundcloud.com/remotepatrol,Not yet,Remote Patrol,"Haworth, United Kingdom",420568,13,35
916,VOA Amharic,https://www.soundcloud.com/voa-amharic,Not yet,,"Washington, United States",892,0,10
1118,31 Recordings,https://www.soundcloud.com/31recordings,Yes,,,14350,67,123
1078,2GranRadio,https://www.soundcloud.com/2granradio,Not yet,Official 2grantv,"conneticut Jamaica, Jamaica",2114,2,4
1065,2mfm,https://www.soundcloud.com/2mfm,Not yet,Muslim Community Radio,Sydney,1147,2,2337
1066,2-Dutch,https://www.soundcloud.com/2-dutch,Yes,Record Label,"Eindhoven, Netherlands",16263,20,901
532,PelicansNBA,https://www.soundcloud.com/pelicansnba,Not yet,Pelicans Digital,"New Orleans, United States",129228,3,25
221,New Sounds,https://www.soundcloud.com/new-sounds-music,Not yet,,"New York, United States",33839,0,0
151,absolutemusicuk,https://www.soundcloud.com/absolutemusicuk,Not yet,Alex Hellier,"Bournemouth, United Kingdom",311,6,154
541,Promos for Richie Hawtin,https://www.soundcloud.com/rhawtin,Not yet,Richie Hawtin LABEL PROMOS ONLY - NO DEMOS (only,"Berlin, Germany",125171,2,3
731,0000000000000000000000000,https://www.soundcloud.com/000000000_0000000000,Not yet,,,341,7,463
611,YOTANKA RECORDS,https://www.soundcloud.com/yotanka,Not yet,LABEL,France,1196,64,892
184,karrierekanonen,https://www.soundcloud.com/karrierekanonen,Not yet,,"Danmark, Denmark",888,0,47
994,Under The Scales,https://www.soundcloud.com/underthescales,Not yet,,,1212,2,3
899,VOA Deewa,https://www.soundcloud.com/voa-deewa,Not yet,,"Washington, DC, United States",481,0,3
493,BBC World Have Your Say,https://www.soundcloud.com/bbc_whys,Not yet,BBC World Have Your Say,"London, United Kingdom",58847,253,75
610,You Need A Budget (YNAB),https://www.soundcloud.com/iynab,Not yet,,,2943,0,642
236,nuncacreas.net,https://www.soundcloud.com/nuncacreas,Not yet,johnny cruz,,851,33,51
752,DJ LC do Martins,https://www.soundcloud.com/djlcdomartins,Yes,,"Rio de Janeiro, Brazil",99043,23,682
780,RiyadhQuran,https://www.soundcloud.com/riyadhquran,Not yet,رياض القرآن,"الرياض, Saudi Arabia",20817,1,32
948,XFM.lt,https://www.soundcloud.com/xfmlt,Not yet,,"Vilnius, Lithuania",442,21,3561
1033,1Twente,https://www.soundcloud.com/1twente,Not yet,1Twente,"Twente, Netherlands",250,2,4515
936,Xavier de Maistre,https://www.soundcloud.com/xavier-de-maistre,Not yet,Xavier de Maistre,"Nice, France",1985172,0,19
456,Embassy-One,https://www.soundcloud.com/embassy-one,Not yet,Embassy One,"Berlin, Germany",3528,4,2
950,Xavier Dang,https://www.soundcloud.com/xavierdang,Not yet,Xavier Dang,"Paris, France",18342,70,107
943,Xhin,https://www.soundcloud.com/xhin,Yes,Xhin,"Singapore, Singapore",52747,0,63
857,thegamenashville.com,https://www.soundcloud.com/espnnashville,Not yet,ESPN Nashville,"Nashville, United States",2770,4,35610
66,Limmy,https://www.soundcloud.com/limmy,Not yet,Brian Limond,"Glasgow, United Kingdom",46339,8,98
283,Obama White House,https://www.soundcloud.com/obamawhitehouse,Not yet,,"Washington, DC, United States",118196,1,30
676,Fabão,https://www.soundcloud.com/fabaomusic,Not yet,Fabão Music,"Porto Alegre, Brazil",717513,1,20
945,XVR,https://www.soundcloud.com/ballzradio,Not yet,XVR,"All over, South Africa",766,7,26
905,VOA Afrique,https://www.soundcloud.com/voaafrique,Not yet,VOA Afrique,"District of Columbia, United States",508,0,7
841,Zefora,https://www.soundcloud.com/zefora,Not yet,Zefora,"Portland, OR, United States",27679,1432,278
136,Alkitab Suara,https://www.soundcloud.com/alkitabsuara,Not yet,Alkitab Suara,"Jakarta, Indonesia",6556,2,0
598,Yoga Pop Ups,https://www.soundcloud.com/yogapopups,Not yet,,,974,0,2835
66,Limmy,https://www.soundcloud.com/limmy,Not yet,Brian Limond,"Glasgow, United Kingdom",46339,8,98
38,Jenny Steel,https://www.soundcloud.com/loop-terminal,Not yet,Jenny Steel,"NYC, United States",168,24,1698
499,being_human,https://www.soundcloud.com/being_human,Not yet,Being Human,"London, United Kingdom",34666,194,7
470,BBC World Service Radio,https://www.soundcloud.com/bbc-world-service,Not yet,BBC World Service,London,114454,198,67
1297,7th Cloud Records,https://www.soundcloud.com/7th-cloud,Not yet,7th cloud,"Nuremberg, Germany",1356,42,1950
15,Just SZA,https://www.soundcloud.com/justsza,Not yet,SZA,"small town, United States",181340,2,16
510,Playback Media,https://www.soundcloud.com/playbackmedia,Not yet,Playback Media,"London, United Kingdom",170589,0,4
811,Radio Vicenza,https://www.soundcloud.com/radio-vicenza,Not yet,Radio Vicenza,"Vicenza, Italy",453,0,58
1133,432Hz Social Club,https://www.soundcloud.com/44100hzsocialclub,Yes,,Canary Islands,26141,420,2511
33,jingtu,https://www.soundcloud.com/jingtu,Not yet,,,75,0,2450
564,WTMJ,https://www.soundcloud.com/620-wtmj,Not yet,,"Milwaukee, United States",1013,0,13236
450,EMINA HELENA,https://www.soundcloud.com/eminahelenamusic,Not yet,Collage Audio,"Berlin, Germany",576,211,17
488,BBC Desert Island Discs,https://www.soundcloud.com/desert-island-discs-1,Not yet,,"Broadcasting House, London, United Kingdom",14377,194,5
1203,5SOS Family ∞,https://www.soundcloud.com/weluv5sos,Not yet,,,22726,5,4
1036,1440 KEYS Corpus Christi,https://www.soundcloud.com/1440-keys-corpus-christi,Not yet,,,451,5,3565
1229,97.1 HANK FM,https://www.soundcloud.com/97-1-hank-fm,Not yet,,,737,0,49
706,0,https://www.soundcloud.com/h0123,Not yet,,,38259,1,22
1284,6feetfrommetoyou,https://www.soundcloud.com/6feetfrommetoyou,Not yet,,used to exist,156,28,80
1028,104.1 KSGF,https://www.soundcloud.com/ksfg-fm,Not yet,,"Springfield, United States",421,1,5
837,Zee,https://www.soundcloud.com/theworldbyzee,Not yet,,,33166,40,71
198,Kim Mitzo Thompson,https://www.soundcloud.com/kimmitzothompson,Not yet,,,38,0,2544
613,You,https://www.soundcloud.com/youofficial,Not yet,,Norway,122,61,0
900,VOA English,https://www.soundcloud.com/voa-english,Not yet,,,9509,1,43
453,Elijah Wagner,https://www.soundcloud.com/elijahwagner,Not yet,,,6,0,4120
521,Pop My Culture,https://www.soundcloud.com/pop-my-culture,Not yet,Nerdist Industries,,93628,0,2
707,030303RECORDS,https://www.soundcloud.com/030303recs,Not yet,030303,"Utrecht, Netherlands",8731,1984,255
972,Xtive Entertainment,https://www.soundcloud.com/xtive,Not yet,,"Seoul, Republic of Korea",101,0,232
1237,96 7 CIGN fm,https://www.soundcloud.com/cign-fm,Not yet,"CIGN fm 96,7 Radio Coopérative de  Coaticook","Coaticook, Canada",273,2,2127
240,Islamic Library,https://www.soundcloud.com/hamza-ma-816925684,Not yet,,,2277,1344,68085
461,ELEVATE,https://www.soundcloud.com/elevate-6,Not yet,ELEVATE,Spain,15430,2,510
1319,7gospeltracks.com,https://www.soundcloud.com/7gospeltracks,Not yet,7gospeltracks,United Kingdom,836,135,49
712,021G,https://www.soundcloud.com/gandom-021,Not yet,Gandom 021,United Kingdom,34350,1,6
275,iutatter,https://www.soundcloud.com/iutatter,Not yet,,,35,0,615
838,Zëri i Amerikës,https://www.soundcloud.com/zeriamerikes,Not yet,,"Washington, DC, United States",119,0,6
957,XYLØ,https://www.soundcloud.com/xylo,Yes,,Westlake Village,69336,0,47
358,Meditaciones Diarias,https://www.soundcloud.com/isai-cedano,Not yet,Isai Cedano,"Houston, United States",1757,0,31273
397,Guys We F****d,https://www.soundcloud.com/guyswefucked,Not yet,The Anti Slut-Shaming Podcast with Krystyna Hutchinson & Corinne Fishe,"New York, United States",621747,2,1
1218,92.9 KISM,https://www.soundcloud.com/92-9-kism,Not yet,,,550,0,9092
137,Antidote Audio,https://www.soundcloud.com/antidote_audio,Not yet,Addicted to Innovative Sound,"Queenstown, New Zealand",93088,213,70
562,WSWorldBookClub,https://www.soundcloud.com/wsworldbookclub,Not yet,World Service Book Club,London,476004,194,3
996,Urban Hip-Hop,https://www.soundcloud.com/urbanhh,Not yet,,,60589,1,0
756,DBS News,https://www.soundcloud.com/user-762148399,Not yet,,,496,4,6798
210,NOVO FM,https://www.soundcloud.com/novofm,Not yet,,Indie Dance + Nu Disco Sounds | Fre,281905,0,0
319,HBR IdeaCast,https://www.soundcloud.com/hbrideacast,Not yet,Harvard Business Review (HBR),"Boston, United States",657140,0,6
1082,22Gz,https://www.soundcloud.com/22gz,Yes,,Brooklyn,103478,6,83
1050,105.4 F.M. Juan de Castellanos,https://www.soundcloud.com/juandecastellanos,Not yet,Emisora Universitaria,"Tunja, Colombia",221,13,2526
1363,808 State,https://www.soundcloud.com/808-state-official,Not yet,,"Manchester, United Kingdom",3955,0,455
1251,93:20,https://www.soundcloud.com/9320pod,Not yet,93:20 Podcast,Manchester,1819,0,390
761,djmixes,https://www.soundcloud.com/djmixes,Not yet,,"London, UK.",21396,1,1
1007,user765302495,https://www.soundcloud.com/user765302495,Not yet,,,26,0,864
889,Tauz,https://www.soundcloud.com/tauzoficial,Not yet,,,132426,8,55
1011,Unknown / 💣,https://www.soundcloud.com/nhyan-alketbi,Not yet,Nhyan Alketbi,"Abu dhabi, United Arab Emirates",1696,0,264
483,BLITZKIDS mvt.,https://www.soundcloud.com/blitzkdsmvt,Yes,,,1330486,0,4
104,contact Allsoft,https://www.soundcloud.com/contact-allsoft,Not yet,contact Allsoft,,22,0,0
1165,4lienetic,https://www.soundcloud.com/4lienetic,Yes,Sugam Khetan,"Mumbai, India",7210,78,158
858,TY,https://www.soundcloud.com/taeoxo,Not yet,"TAEYONG, NCT, SuperM",Republic of Korea,454376,0,9
390,Matthew Conn,https://www.soundcloud.com/mrmattconn,Not yet,Matthew Conn,,192524,72,0
1171,4Glokk,https://www.soundcloud.com/fktommy,Not yet,,,1026,0,12
491,Barbican Centre,https://www.soundcloud.com/barbicancentre,Not yet,Barbican Centre,"London, United Kingdom",292398,11,5
686,FEaB Podcast,https://www.soundcloud.com/feab,Not yet,Nerdist Industries,,96849,0,2
1172,50 Cent,https://www.soundcloud.com/50_cent,Yes,50 Cent,"New York City , United States",1892429,4,371
1277,6FTERLIFE,https://www.soundcloud.com/6fterlife,Not yet,,"sadjustin6 / 6fterlife, United States",2895,48,69
1203,5SOS Family ∞,https://www.soundcloud.com/weluv5sos,Not yet,,,22726,5,4
584,YaleUniversity,https://www.soundcloud.com/yaleuniversity,Not yet,Yale University,"New Haven, United States",618681,0,1851
159,Artunduaga por la mañana,https://www.soundcloud.com/todelar-noticias,Not yet,Artunduaga por la mañana,Bogotá,336,30,34
1058,2CELLOS,https://www.soundcloud.com/2cellos,Yes,2CELLOS,Croatia,371982,0,105
155,Adam Ślesik,https://www.soundcloud.com/adam-lesik,Not yet,Adam Ślesik,,72080,0,0
613,You,https://www.soundcloud.com/youofficial,Not yet,,Norway,122,61,0
1231,93.9 The River,https://www.soundcloud.com/939theriver-1,Not yet,,,264,1,2824
1072,24kGoldn,https://www.soundcloud.com/24kgoldn,Yes,,San Franicisco,130162,11,71
1095,3000 BASS,https://www.soundcloud.com/3000bass,Yes,Strictly Bangers,London,81128,1924,1235
1322,7Wallace,https://www.soundcloud.com/7-wallace,Not yet,7Wallace,London,5931,251,3
452,EzzaJunior_,https://www.soundcloud.com/ezza-junior-2207,Yes,,"Medan , Indonesia",18007,76,448
569,We Are Going Up Podcast,https://www.soundcloud.com/wagupodcast,Not yet,,London,157714,6,7
60,Lucky Shivers // Nicholas Stevenson,https://www.soundcloud.com/nicholas-stevenson,Not yet,Lucky Shivers,London,506623,180,5
678,FrankSkinner,https://www.soundcloud.com/frankskinner,Not yet,Absolute Radio,"London, United Kingdom",287036,0,2
466,E SENS,https://www.soundcloud.com/esensofficial,Not yet,,,68852,10,14
1315,7clouds,https://www.soundcloud.com/7cloudsmusic,Not yet,,,17421,1627,153
1201,5DLO$,https://www.soundcloud.com/5dlos,Not yet,5D Lo$,,15693,2,145
600,Yoga Tribe,https://www.soundcloud.com/yogatribe,Not yet,,,66,0,3041
355,Hotfingers Records,https://www.soundcloud.com/hotfingersrecords,Not yet,,Italy,11487,12,434
181,Keystone Sports Network,https://www.soundcloud.com/keystone-sports-network,Not yet,,,834,3,4496
484,Berlin Community Radio,https://www.soundcloud.com/berlincommunityradio,Not yet,,"Berlin, Germany",24547,288,1
991,Urania Cremene,https://www.soundcloud.com/uraniacremene,Not yet,Urania Cremene,"Bucuresti, Romania",1457,0,0
1109,3000 BLOG,https://www.soundcloud.com/3000blog,Yes,,,40130,1996,291
810,Remote Patrol,https://www.soundcloud.com/remotepatrol,Not yet,Remote Patrol,"Haworth, United Kingdom",420568,13,35
1202,5G4B,https://www.soundcloud.com/5g4b,Not yet,Ohm Owens & Malicious Mella D,"Derm NC, United States",2630,645,79
385,MadilynBaileyOfficial,https://www.soundcloud.com/madilyn-bailey-official_1457539153257,Not yet,Madilyn  Bailey,"Boyceville, United States",154840,0,25
1161,4NDY 🐭,https://www.soundcloud.com/dj4ndyyy,Yes,EL CULP4BLE,"Barranquilla, Colombia",25930,443,49
1054,2 Drink Minimum,https://www.soundcloud.com/mikewardca,Not yet,Mike Ward & Pantelis,"Montreal, Canada",229227,1,219
1238,94.3 The Game,https://www.soundcloud.com/943thegame,Not yet,,,605,4,3
404,Governo de São Paulo,https://www.soundcloud.com/governodesaopaulo,Not yet,Governo de São Paulo,"São Paulo, Brazil",674,0,211
333,harlandwilliams,https://www.soundcloud.com/harlandwilliams,Yes,Harland Williams,"Los Angeles, United States",31690,0,2477
1222,96.5 WKLH,https://www.soundcloud.com/96-5-wklh,Not yet,,"Milwaukee, United States",385,0,5877
1098,303lovers Official,https://www.soundcloud.com/303lovers,Yes,303lovers,Italy,31954,3,601
1159,47SOUL | السبعة و أربعين,https://www.soundcloud.com/47soul,Yes,47SOUL,,37897,48,33
312,Osher Shalom Jewish Music,https://www.soundcloud.com/oshershalom,Not yet,Iluminando la vida con alabanzas,"Jerusalem, Israel",1022,27,1739
1220,97.1 The Fan,https://www.soundcloud.com/97-1-the-fan,Not yet,,,1485,4,10
360,magpie303,https://www.soundcloud.com/magpie303,Not yet,,"Donegal, Ireland",13772,274,8475
749,Dream Sound Media Promo,https://www.soundcloud.com/dsm973promo,Not yet,Dream Sound Media Promo,"Kourou, Toulouse, France",7874,52,3386
994,Under The Scales,https://www.soundcloud.com/underthescales,Not yet,,,1212,2,3
383,M. i. G. - music Germany,https://www.soundcloud.com/m-i-g-music-germany,Not yet,,"Hannover, Germany",693,2,3569
1321,7evenrecordings,https://www.soundcloud.com/7evenrecordings,Not yet,7even Recordings,"東京 Tokyo, Japan",5251,12,31
1321,7evenrecordings,https://www.soundcloud.com/7evenrecordings,Not yet,7even Recordings,"東京 Tokyo, Japan",5251,12,31
584,YaleUniversity,https://www.soundcloud.com/yaleuniversity,Not yet,Yale University,"New Haven, United States",618681,0,1851
836,Zoomdici.fr,https://www.soundcloud.com/zoomdici,Not yet,Zoomdici.fr,"Le Puy-en-Velay Saint Etienne, France",172,2,115
689,festivalandes,https://www.soundcloud.com/festivalandes,Not yet,,,449,0,46
399,"Good Job, Brain!",https://www.soundcloud.com/goodjobbrain,Not yet,,"San Francisco, United States",954031,0,3
836,Zoomdici.fr,https://www.soundcloud.com/zoomdici,Not yet,Zoomdici.fr,"Le Puy-en-Velay Saint Etienne, France",172,2,115
126,ali,https://www.soundcloud.com/alithegreatxo,Yes,,,2655183,0,37
21,Jonas Kopp,https://www.soundcloud.com/jonas-kopp,Yes,Jonas Kopp,"Buenos Aires, Argentina",26771,42,157
1091,2DEEP,https://www.soundcloud.com/2-deep,Not yet,,Los Angeles,17135,1229,70
1131,3Djs,https://www.soundcloud.com/user-783784300-14396279,Not yet,,,38,10,780
445,EKALI,https://www.soundcloud.com/ekalimusic,Yes,,"Vancouver, Canada",211351,449,76
1238,94.3 The Game,https://www.soundcloud.com/943thegame,Not yet,,,605,4,3
1114,3qtr,https://www.soundcloud.com/3qtr,Not yet,Three Quarter,"Venice, CA, United States",45732,13,0
412,Giani Sher Singh Ji Buddha Dal (Ambala),https://www.soundcloud.com/gianishersinghjiambala,Not yet,,"Seattle, United States",5980,0,1932
244,Intelligence Squared,https://www.soundcloud.com/intelligence2,Not yet,Intelligence Squared,London,1295669,2,1
1004,user224184187,https://www.soundcloud.com/user224184187,Not yet,,,2,37,0
909,Visi,https://www.soundcloud.com/visi-7,Not yet,,,18,0,0
674,Fedecámaras Radio,https://www.soundcloud.com/user-813591196,Not yet,,,530,6,12107
126,ali,https://www.soundcloud.com/alithegreatxo,Yes,,,2655183,0,37
713,070 Shake,https://www.soundcloud.com/user_07049085019,Not yet,Glitter | Sunday Night | Honey |  Trust Nobody | Phi |,Ralphy Rivers | Hack & Tree,2746,18,0
128,Atomic [UK],https://www.soundcloud.com/atomicdubstep,Not yet,Ben Fadero,,88356,108,30
421,gamequotes,https://www.soundcloud.com/gamequotes,Not yet,,,261,0,678
540,Payung teduh Official,https://www.soundcloud.com/payung-teduh-official,Not yet,Payung Teduh,"Jakarta, Indonesia",114214,3,15
1228,9lokknine,https://www.soundcloud.com/glock-nine,Yes,9lokknine,"Orlando, United States",207521,1,142
777,Daniel Barenboim,https://www.soundcloud.com/danielbarenboim,Not yet,Daniel Barenboim,"Berlin, Germany",1918,0,2689
1056,2 Chainz,https://www.soundcloud.com/2chainz,Yes,2 Chainz,Atlanta,272042,19,424
445,EKALI,https://www.soundcloud.com/ekalimusic,Yes,,"Vancouver, Canada",211351,449,76
812,Radio Vesti,https://www.soundcloud.com/radio-vesti,Not yet,Radio Vesti,"Kiev, Ukraine",885,0,5003
1364,8D TUNES,https://www.soundcloud.com/8dtunesofficial,Yes,,,21518,26,53
185,KompaDirek,https://www.soundcloud.com/kompdirek,Not yet,LAIBHEN,"LAKOU, BROOKLYN",3262,42,14
602,YEBIT 예빛,https://www.soundcloud.com/yebit,Not yet,,,67810,32,43
357,MacmillanAudio,https://www.soundcloud.com/macaudio-2,Not yet,,"New York, United States",952243,17,3473
1094,3LAU,https://www.soundcloud.com/3lau,Yes,▽,,445905,384,142
363,MegaboomRadio,https://www.soundcloud.com/megaboomradio,Not yet,Megaboom!! Radio,"Los Angeles, United States",87702,2,7
1199,50:HERTZ,https://www.soundcloud.com/50hertz-radioshow,Not yet,50:HERTZ Community,Netherlands,3224,390,295
352,Huynh Christian Timothy,https://www.soundcloud.com/huynh-christian-timothy,Not yet,Christian Timothy & Priscilla Huynh,United States,348,0,2466
642,SiriusXM Sports,https://www.soundcloud.com/siriusxmsports,Not yet,SiriusXM Sports,"Washington DC & NYC, United States",3139,17,10885
968,Xenology,https://www.soundcloud.com/xenologymusic,Yes,Alien van de Beatz,Marte,23840,331,109
722,0WAVE,https://www.soundcloud.com/0wave,Not yet,0 WAVE,,4202,0,27
504,Blend Mishkin,https://www.soundcloud.com/cast-a-blast,Not yet,,"Athens, Greece",512093,733,8
348,HNA,https://www.soundcloud.com/radio-hna,Not yet,,"Kassel, Germany",166,40,2911
53,Litt Shitt,https://www.soundcloud.com/littshitt,Not yet,0,0,722789,288,0
162,Actualidad,https://www.soundcloud.com/user-135152568,Not yet,,,77,0,1
914,VOAKhmer,https://www.soundcloud.com/voakhmer,Not yet,,"Phnom Penh, Cambodia",1812,1,3
891,Third Coast Festival,https://www.soundcloud.com/thirdcoast,Not yet,,Chicago,134806,77,2
1368,8xm,https://www.soundcloud.com/8xm,Not yet,8XM PAKISTAN -  PLAY LIST,Pakistan,23279,0,8
930,Vakula,https://www.soundcloud.com/vakula,Yes,,,30671,0,111
1005,user248910875,https://www.soundcloud.com/user248910875,Not yet,,,10,0,0
1295,700 ESPN,https://www.soundcloud.com/700-espn,Not yet,,"Spokane, United States",597,0,3309
610,You Need A Budget (YNAB),https://www.soundcloud.com/iynab,Not yet,,,2943,0,642
376,Major Dr Pravin Prathip J,https://www.soundcloud.com/pravin-prathip-j,Not yet,Pravin J,"chennai, India",44,18,2
79,LFM Radio,https://www.soundcloud.com/user-729602322,Not yet,,,260,0,2681
600,Yoga Tribe,https://www.soundcloud.com/yogatribe,Not yet,,,66,0,3041
761,djmixes,https://www.soundcloud.com/djmixes,Not yet,,"London, UK.",21396,1,1
627,SentricMusic,https://www.soundcloud.com/sentricmusic,Not yet,Simon Pursehouse,"Liverpool, United Kingdom",4488,229,0
177,K1971,https://www.soundcloud.com/k1971,Not yet,K1971 label management,"Berlin, Germany",12396,1256,106
982,Ubiktune,https://www.soundcloud.com/ubiktune,Yes,,,8771,68,398
559,WSWitness,https://www.soundcloud.com/wswitness,Not yet,World Service Witness,London,344967,194,19
1353,8Ball305,https://www.soundcloud.com/8ball_305,Not yet,Fat Jesu$,Carol City,9300,4,729
61,Left Handed Radio,https://www.soundcloud.com/lefthandedradio,Not yet,,"New York, United States",51359,3,1
232,Nur ul Ilm Academy,https://www.soundcloud.com/nurulilmacademy,Not yet,,,588,0,1139
752,DJ LC do Martins,https://www.soundcloud.com/djlcdomartins,Yes,,"Rio de Janeiro, Brazil",99043,23,682
902,Vieka,https://www.soundcloud.com/vieka,Not yet,Vieka Plays,England,769457,145,59
512,PROSPERO CLASSICAL,https://www.soundcloud.com/prospero_classical,Not yet,PROSPERO CLASSICAL,"Zürich, Switzerland",286539,1,1
13,JustaTee,https://www.soundcloud.com/justatee,Not yet,Jay Tee,"Ha Noi City, Viet Nam",66936,22,65
812,Radio Vesti,https://www.soundcloud.com/radio-vesti,Not yet,Radio Vesti,"Kiev, Ukraine",885,0,5003
546,Penn's Sunday School,https://www.soundcloud.com/ribbit-starr,Not yet,Penn Jillette,"Las Vegas, United States",73519,124,16
1292,780 AM,https://www.soundcloud.com/780-am,Not yet,Radio Primero de Marzo,"Asunción, Paraguay",494,0,112
1028,104.1 KSGF,https://www.soundcloud.com/ksfg-fm,Not yet,,"Springfield, United States",421,1,5
1080,295,https://www.soundcloud.com/295sidhu,Not yet,Jatt PBX,India,8898,0,97
1240,999999999,https://www.soundcloud.com/999999999music,Yes,,,73211,0,28
567,wnmcradio,https://www.soundcloud.com/wnmcradio,Not yet,Eric Hines,"Traverse City, United States",430,5,11206
484,Berlin Community Radio,https://www.soundcloud.com/berlincommunityradio,Not yet,,"Berlin, Germany",24547,288,1
900,VOA English,https://www.soundcloud.com/voa-english,Not yet,,,9509,1,43
51,Legacy Music Hour,https://www.soundcloud.com/legacy-music-hour,Not yet,Nerdist Industries,,104758,0,3
1117,3ssam Sasa Official,https://www.soundcloud.com/saasaoffical,Not yet,عصام صاصا,"El Haram, Egypt",64786,0,0
404,Governo de São Paulo,https://www.soundcloud.com/governodesaopaulo,Not yet,Governo de São Paulo,"São Paulo, Brazil",674,0,211
446,Eter,https://www.soundcloud.com/eter-escuela,Not yet,Escuela de Comunicación,"Buenos Aires, Argentina",235,56,0
1243,95.1ThePeakFM,https://www.soundcloud.com/95-1thepeakfm,Not yet,,"Collingwood, Canada",130,24,30
1003,uncledugs,https://www.soundcloud.com/uncledugs,Not yet,Uncle Dugs #RCFF,London,8783,147,1
635,Syrian Foreign Radios,https://www.soundcloud.com/syrianforeignradios,Not yet,Syrian Foreign Radios,"Damascus, Syrian Arab Republic",415,0,16320
417,GYM WORKOUT,https://www.soundcloud.com/yourgymworkout,Not yet,,"Aalborg, Denmark",4912,14,1140
771,djgregory,https://www.soundcloud.com/djgregory,Not yet,dj gregory,"Paris, France",44535,1,7
1017,103.7 The Buzz,https://www.soundcloud.com/1037thebuzz,Not yet,,"Little Rock, AR",1978,0,5
241,IAMBENGA,https://www.soundcloud.com/illuminate_music,Yes,Benga Adejumo,London,3378275,7,0
522,Pleasance,https://www.soundcloud.com/thepleasance,Not yet,Pleasance Theatre,"Edinburgh & London, United Kingdom",369114,2,6
1287,6ix,https://www.soundcloud.com/6ix6eats,Not yet,,"College Station, United States",1168,7,288
256,ISLAM LAND,https://www.soundcloud.com/islam-land,Not yet,ISLAM LAND,,845,0,12
955,XO Collective,https://www.soundcloud.com/xocollective,Yes,Artist  Collective,,96455,10,10
1299,75e Session,https://www.soundcloud.com/75esession,Not yet,#DOJOKLAN,"93/75YO, France",13124,9,54
190,Knowledge Is Power Promo,https://www.soundcloud.com/knowledge-is-power-promo,Not yet,Jack  Matthews,"oxford, United Kingdom",5202,1974,2504
860,The Jillian Michaels Show,https://www.soundcloud.com/thejillianmichaelsshow,Not yet,Jillian Michaels,"Los Angeles, CA, United States",522855,1,5
1143,4nzek,https://www.soundcloud.com/4nzek,Yes,,"Philadelphia/Tampa, United States",23209,1998,99
930,Vakula,https://www.soundcloud.com/vakula,Yes,,,30671,0,111
1012,1070 NOTICIAS,https://www.soundcloud.com/1070-noticias,Not yet,Radio Noticias,Guadalajara,1025,12,15
1261,65daysofstatic,https://www.soundcloud.com/65daysofstatic,Yes,,"Sheffield, United Kingdom",17404,2,133
300,On Purpose with Jay Shetty,https://www.soundcloud.com/jayshetty,Not yet,,,16642,0,394
936,Xavier de Maistre,https://www.soundcloud.com/xavier-de-maistre,Not yet,Xavier de Maistre,"Nice, France",1985172,0,19
99,Comics On Comics,https://www.soundcloud.com/comicsoncomics,Not yet,Juan Manuel Rocha Vito Lapiccola,"Los Angeles, CA, United States",236691,1,3
1220,97.1 The Fan,https://www.soundcloud.com/97-1-the-fan,Not yet,,,1485,4,10
1268,645AR,https://www.soundcloud.com/sos645ar,Yes,,South Bronx,19766,1,38
860,The Jillian Michaels Show,https://www.soundcloud.com/thejillianmichaelsshow,Not yet,Jillian Michaels,"Los Angeles, CA, United States",522855,1,5
575,WXRW riverwestradio.com 104.1fm,https://www.soundcloud.com/user-240416425,Not yet,,"Milwaukee, United States",813,2,8106
93,Columbia University,https://www.soundcloud.com/columbia,Not yet,Columbia University,"New York, United States",182273,0,0
248,Infos CHGA,https://www.soundcloud.com/infos-chga,Not yet,,,655,0,608
51,Legacy Music Hour,https://www.soundcloud.com/legacy-music-hour,Not yet,Nerdist Industries,,104758,0,3
374,Mises Institute,https://www.soundcloud.com/misesmedia,Not yet,,"Auburn, AL",3032,5,4149
176,kgoradio,https://www.soundcloud.com/kgoradio,Not yet,KGO Radio,"San Francisco, United States",663,28,217
1344,8ROKEBOY,https://www.soundcloud.com/8rokeboy,Not yet,,Australia,6418,13,331
710,044,https://www.soundcloud.com/044klan,Not yet,,,18153,3,73
403,Gardeners' Corner,https://www.soundcloud.com/gardeners-corner,Not yet,BBC Radio Ulster Gardeners Corner,Ulster,358606,194,6
112,Cymatics Extras,https://www.soundcloud.com/cymatics-extras,Not yet,"Free sample packs, presets, & more!",,47730,1,71
112,Cymatics Extras,https://www.soundcloud.com/cymatics-extras,Not yet,"Free sample packs, presets, & more!",,47730,1,71
656,Studeo,https://www.soundcloud.com/studeofi,Not yet,,,88,0,20
538,Preston And Steve Rock,https://www.soundcloud.com/preston-and-steve-rock,Not yet,,"Philadelphia, PA, United States",2088,29,4639
1209,5th Sequence,https://www.soundcloud.com/5thsequence,Not yet,Soul Channel,"PORTLAND, United States",2684,1868,51
257,InheritanceTracks,https://www.soundcloud.com/inheritancetracks,Not yet,,,39179,194,23
1284,6feetfrommetoyou,https://www.soundcloud.com/6feetfrommetoyou,Not yet,,used to exist,156,28,80
225,nzherald,https://www.soundcloud.com/nzherald,Not yet,nzherald.co.nz,New Zealand,798,1,5
1084,2F Friendly Sessions,https://www.soundcloud.com/twofriendsfriendlysessions,Yes,Two Friends,"Los Angeles, United States",32536,5,57
66,Limmy,https://www.soundcloud.com/limmy,Not yet,Brian Limond,"Glasgow, United Kingdom",46339,8,98
776,daddymfdragon,https://www.soundcloud.com/daddymfdragon,Not yet,,,385072,0,1
433,EXPRESS FM,https://www.soundcloud.com/exprexfm,Not yet,,"Tunis, Tunisia",870,4,18926
178,KPFA 94.1-FM Berkeley,https://www.soundcloud.com/kpfa-fm-94-1-berkeley,Not yet,KPFA 94.1 FM Berkeley,"Berkeley, United States",1392,39,42
825,Zaptrackman,https://www.soundcloud.com/user-351135787,Not yet,,,26,0,0
542,Pantha du Prince,https://www.soundcloud.com/panthaduprince,Yes,,"Berlin, Germany",63768,0,126
626,soundpost.co.kr,https://www.soundcloud.com/soundpost-150734522,Not yet,,,1420,0,35977
460,ENTER.Official,https://www.soundcloud.com/enterofficial,Not yet,,Ibiza / International,92795,18,1
1277,6FTERLIFE,https://www.soundcloud.com/6fterlife,Not yet,,"sadjustin6 / 6fterlife, United States",2895,48,69
331,HRS - das Hotelportal,https://www.soundcloud.com/hrs-das-hotelportal,Not yet,,,473357,8,7
687,Forss,https://www.soundcloud.com/forss,Yes,Eric Wahlforss,"Berlin, Germany",133271,1268,26
1107,34MAG.NET,https://www.soundcloud.com/34magnet,Not yet,,,1497,10,1161
226,Newsradio 1150 KSAL,https://www.soundcloud.com/oddittenger,Not yet,Todd Pittenger,,321,0,3994
553,WCMY 1430,https://www.soundcloud.com/wcmy1430,Not yet,,"Ottawa, United States",694,0,19680
563,WURD Radio,https://www.soundcloud.com/onwurd,Not yet,WURD Radio,Philadelphia,1022,16,12189
511,Paris Music,https://www.soundcloud.com/parismusicmusic,Not yet,,,5873,0,9398
886,tainternational1,https://www.soundcloud.com/tainternational1,Not yet,tainternational,,3539,23,55
929,VoiceBox| Audio |,https://www.soundcloud.com/wolfestone-samples,Not yet,VoiceBox Voiceovers,London,261,16,186
731,0000000000000000000000000,https://www.soundcloud.com/000000000_0000000000,Not yet,,,341,7,463
930,Vakula,https://www.soundcloud.com/vakula,Yes,,,30671,0,111
338,Hussain Al-Asfour,https://www.soundcloud.com/hussain-al-asfour,Not yet,السَّلامُ عَلى الشَّيْبِ الخَضِيبِ  السَّلامُ عَلى البَدَنِ السَّلِيْبِ,Saihat,2902,206,13
298,OHPChurch,https://www.soundcloud.com/ohpchurch,Not yet,,"Egg Harbor Township, NJ, United States",146,0,4857
955,XO Collective,https://www.soundcloud.com/xocollective,Yes,Artist  Collective,,96455,10,10
463,Emicida,https://www.soundcloud.com/emicidacachoeira,Not yet,Leandro Oliveira,"São Paulo, Brazil",54171,0,18
962,Xomu,https://www.soundcloud.com/xomuu,Yes,,,18601,789,17
576,White Killer,https://www.soundcloud.com/user-94131917,Not yet,,,57,0,1470
349,Hasenchat Music,https://www.soundcloud.com/hasenchat,Yes,Norbert Reinwand,"Knetzgau, Germany",26846,1656,3186
993,U92 The Moose,https://www.soundcloud.com/u92,Not yet,U92 WVU's Student Radio Station,"Morgantown, WV, United States",516,13,8
626,soundpost.co.kr,https://www.soundcloud.com/soundpost-150734522,Not yet,,,1420,0,35977
341,housechurch,https://www.soundcloud.com/gasawon,Not yet,가정교회 웹사이트 지원센터,Seoul,176,1,5
194,kv331synthmaster,https://www.soundcloud.com/kv331synthmaster,Not yet,KV331 Audio,"Ankara, Turkey",2929,65,647
1281,6ig angu5,https://www.soundcloud.com/6igangu5,Yes,"In Between 20 & 20,000","Calgary, Canada",15893,438,17
229,NPR Generation Listen,https://www.soundcloud.com/nprgenerationlisten,Not yet,NPR Generation Listen,"Washington, United States",88460,5,17
881,Time Out w/ Terrell Owens,https://www.soundcloud.com/towithto,Not yet,Terrell Owens,"Los Angeles, CA, United States",705011,0,2
212,NITL,https://www.soundcloud.com/nitl-1,Not yet,,"Maharashtra, India",78,0,0
838,Zëri i Amerikës,https://www.soundcloud.com/zeriamerikes,Not yet,,"Washington, DC, United States",119,0,6
539,Promo,https://www.soundcloud.com/one-little-indie-promo,Not yet,,"London, United Kingdom",1706,87,1
742,0️⃣1️⃣ MATUÊ DO JOCKEY 0️⃣1️⃣ RLK DO MAGO 🧙🏿‍♂️,https://www.soundcloud.com/djrodrigodoanaia,Not yet,BROOKLYN PRODUÇÕES,UNITED STATES,9553,40,24
1138,4 Past Midnight,https://www.soundcloud.com/4-past-midnight,Not yet,peter mccartney,"Glasgow, United Kingdom",275936,19,54
361,Medyascope,https://www.soundcloud.com/medyascopetv,Not yet,,"Istanbul, Turkey",4812,0,20364
396,GeorgeHarrison,https://www.soundcloud.com/georgeharrison,Not yet,George Harrison,United Kingdom,806954,1,24
340,Holy-Quran,https://www.soundcloud.com/ctzwayna,Not yet,,"Pantin, France",5794,0,61
698,FREE RAP TRAP BEATS INSTRUMENTAL TYPE BEAT PHONK,https://www.soundcloud.com/blacklbeatz,Not yet,BLACK LIONS BEATZ Rnb lofi Freestyle Free Beat UK Drill Phonk,"Guitar Hip Hop Instrumental 2022, United States",99468,48,293
103,Coptic Orthodox Jerusalem,https://www.soundcloud.com/coptic-jerusalem,Not yet,,Jerusalem,2971,1,5666
434,EOFire,https://www.soundcloud.com/entrepreneuronfire,Not yet,John Lee Dumas,,248340,5,6
706,0,https://www.soundcloud.com/h0123,Not yet,,,38259,1,22
1297,7th Cloud Records,https://www.soundcloud.com/7th-cloud,Not yet,7th cloud,"Nuremberg, Germany",1356,42,1950
650,Sony Music Spain,https://www.soundcloud.com/sonymusicspain,Yes,Sony Music Spain,Spain,71699,0,36
798,RadioLevy,https://www.soundcloud.com/radiolevy,Not yet,RadioLevy,"Colima, Mexico",749,0,18
690,Frecuencia Ciudad de Mexico,https://www.soundcloud.com/capital21,Not yet,,,736,13,11
1221,94FM,https://www.soundcloud.com/94fm,Not yet,,"Bauru, Brazil",276,0,23
542,Pantha du Prince,https://www.soundcloud.com/panthaduprince,Yes,,"Berlin, Germany",63768,0,126
565,wavbvkery,https://www.soundcloud.com/wavbvkery,Not yet,,Germany,156139,179,1
1324,77 (@77superproducer),https://www.soundcloud.com/77superproducer,Not yet,9MM VOL.2 2022,"VIENNA, AUT",2316,875,81
792,Radio4InsideHealth,https://www.soundcloud.com/radio4insidehealth,Not yet,Inside Health,London,360090,194,6
441,EL CULTO DE HOY EN CASA,https://www.soundcloud.com/elcultodehoyencasa,Not yet,,"Los Angeles, United States",559,1,6510
436,EXO,https://www.soundcloud.com/exomusic,Not yet,,,69820,0,438
1197,5by5,https://www.soundcloud.com/fivebyfive,Not yet,5by5 Productions,"Austin, TX, United States",183,1,2
1031,107.8,https://www.soundcloud.com/user-953568,Not yet,,"ADDIS ABABA, Ethiopia",277,0,5179
681,FromtheKitesofSanQuentin,https://www.soundcloud.com/fromthekitesofsanquentin,Not yet,,"Manchester, United Kingdom",708904,99,20
60,Lucky Shivers // Nicholas Stevenson,https://www.soundcloud.com/nicholas-stevenson,Not yet,Lucky Shivers,London,506623,180,5
1249,90.3 WMSC FM,https://www.soundcloud.com/wmsc,Not yet,,"Upper Montclair, NJ, United States",280,13,9
1066,2-Dutch,https://www.soundcloud.com/2-dutch,Yes,Record Label,"Eindhoven, Netherlands",16263,20,901
1278,6obby,https://www.soundcloud.com/6obbyy,Yes,,United States,19414,7,54
1363,808 State,https://www.soundcloud.com/808-state-official,Not yet,,"Manchester, United Kingdom",3955,0,455
1194,5918mins.,https://www.soundcloud.com/5918mins,Yes,,"Berlin , Germany",10249,4,52
85,La Radio MAK,https://www.soundcloud.com/laradiomak,Not yet,Kirchnerismo de Salon Defendiendo la grieta,"Buenos Aires, Argentina",446,0,2128
544,PSU Speech Production Lab,https://www.soundcloud.com/psuspeechproductionlab,Not yet,PSU Speech Production Lab,,137,0,0
740,00kg,https://www.soundcloud.com/listennova,Not yet,,Brazil,6777,382,39
1020,101.9POR,https://www.soundcloud.com/wpor1019,Not yet,,,313,0,10430
947,xilent,https://www.soundcloud.com/xilent,Yes,[zaɪlənt],,137687,0,96
1032,12th Planet,https://www.soundcloud.com/12thplanet,Yes,John Dadzie,"Los Angeles, United States",192450,19,119
477,Books and Authors,https://www.soundcloud.com/r4booksandauthors,Not yet,,,451449,194,6
332,Hyro The Hero,https://www.soundcloud.com/hyrothehero,Yes,,"Houston, United States",217181,531,27
719,0 & zero,https://www.soundcloud.com/divinwoken,Not yet,∀lex Robaina,"I live in the world, Spain",10164,1157,27
1335,800 Pound Gorilla Records,https://www.soundcloud.com/user-954895437,Not yet,,,27,0,308
600,Yoga Tribe,https://www.soundcloud.com/yogatribe,Not yet,,,66,0,3041
723,0212 Records,https://www.soundcloud.com/0212records,Not yet,It's Time to Get Move!,,466,359,387
940,XXX,https://www.soundcloud.com/xxx-99833988,Not yet,,,6,0,0
191,KraiGGiBaDArT,https://www.soundcloud.com/kraiggibadrasta,Not yet,,United States,6763,473,1312
734,014 [Rathlion],https://www.soundcloud.com/014-rathlion,Not yet,,,388,0,50
681,FromtheKitesofSanQuentin,https://www.soundcloud.com/fromthekitesofsanquentin,Not yet,,"Manchester, United Kingdom",708904,99,20
1087,24k golden,https://www.soundcloud.com/24k_g0lden,Not yet,,,92378,0,4
522,Pleasance,https://www.soundcloud.com/thepleasance,Not yet,Pleasance Theatre,"Edinburgh & London, United Kingdom",369114,2,6
216,Nerdist Writer's Panel,https://www.soundcloud.com/nerdist-writers-panel,Not yet,Nerdist Industries,,43237,0,1
150,annoymouse,https://www.soundcloud.com/annoymouse,Not yet,,"Berlin, Germany",6372,3,9
809,RadyoCihan,https://www.soundcloud.com/radyocihan,Not yet,Radyo Cihan radyocihan.com,"Istanbul, Turkey",921,0,33
1255,6LACK,https://www.soundcloud.com/6lack,Yes,,ZONE 6,407520,5,62
1159,47SOUL | السبعة و أربعين,https://www.soundcloud.com/47soul,Yes,47SOUL,,37897,48,33
1135,4B,https://www.soundcloud.com/dj4b,Yes,DJ 4B,Jersey,136029,706,107
1043,1akunoi,https://www.soundcloud.com/damien-james-8,Not yet,damien james,,169,5,1
1042,1080p,https://www.soundcloud.com/1080pcollection,Yes,,"Vancouver, British Columbia, Canada",29678,968,175
1148,401K Music Inc,https://www.soundcloud.com/401kmusic,Not yet,401K Music Inc,"New York City, United States",1075,0,131
95,CaseyHoldahl,https://www.soundcloud.com/caseyholdahl,Not yet,Casey Holdahl,"Portland, Oregon, United States",1512,34,2
297,Omari,https://www.soundcloud.com/omari-mc,Not yet,Omari,"Atlanta, GA, United States",49830,514,97
1112,3Fortiori (@3fortiori on IG),https://www.soundcloud.com/threefortiori,Yes,,"Miami, United States",29868,1,67
175,K-LOVE Radio,https://www.soundcloud.com/klove-radio,Not yet,KLOVE Radio,"CA, United States",10527,8,163
246,INgroovesmarketing,https://www.soundcloud.com/ingroovesmarketing,Yes,INgrooves Marketing,"Encino, United States",4475,30,448
1288,6598,https://www.soundcloud.com/sixfivenineeight,Yes,,,5396,31,143
15,Just SZA,https://www.soundcloud.com/justsza,Not yet,SZA,"small town, United States",181340,2,16
1121,3BlackGeeks,https://www.soundcloud.com/3blackgeeks,Not yet,,"The DMV!!!!!, United States",288,22,1016
1065,2mfm,https://www.soundcloud.com/2mfm,Not yet,Muslim Community Radio,Sydney,1147,2,2337
792,Radio4InsideHealth,https://www.soundcloud.com/radio4insidehealth,Not yet,Inside Health,London,360090,194,6
648,Scotland Inspired,https://www.soundcloud.com/scotland-inspired,Not yet,BBC Radio Scotland Scotland Inspired,"Scotland, United Kingdom",437067,194,13
176,kgoradio,https://www.soundcloud.com/kgoradio,Not yet,KGO Radio,"San Francisco, United States",663,28,217
328,HOZAC RECORDS,https://www.soundcloud.com/hozac-records,Not yet,HOZAC RECORDS,"CHICAGO, United States",412959,10,59
929,VoiceBox| Audio |,https://www.soundcloud.com/wolfestone-samples,Not yet,VoiceBox Voiceovers,London,261,16,186
469,BHPublishingGroup,https://www.soundcloud.com/bhpublishinggroup,Not yet,Bobby Reinsch,"Nashville, TN, United States",1274724,0,11
133,ansarhcom,https://www.soundcloud.com/ansarhcom,Not yet,شبكة أنصار الحسين عليه السلام,,2173,2,5681
989,UNDERGROUND RESISTANCE,https://www.soundcloud.com/undergroundresistance,Not yet,UR,"Detroit, United States",42659,0,16
473,BookD Podcast,https://www.soundcloud.com/bookdpodcast,Not yet,,"London, United Kingdom",907766,36,5
1298,7rystan,https://www.soundcloud.com/7rystan,Not yet,Trystan,"Kentucky, United States",11612,127,62
981,user298588455,https://www.soundcloud.com/user298588455,Not yet,,,281,0,1915
878,The Jet Stream podcast,https://www.soundcloud.com/snyjets,Not yet,,"New York City, United States",410843,0,6
312,Osher Shalom Jewish Music,https://www.soundcloud.com/oshershalom,Not yet,Iluminando la vida con alabanzas,"Jerusalem, Israel",1022,27,1739
1081,2-Dutch Promo,https://www.soundcloud.com/2-dutch-promo,Not yet,2-Dutch,"Eindhoven, Netherlands",311,4,0
377,Mike Bloomberg,https://www.soundcloud.com/mikebloomberg,Not yet,Mike Bloomberg,"New York City, United States",79521,0,44
747,Danish Sait,https://www.soundcloud.com/danish-sait,Not yet,Danish Sait,"Bangalore, India",74733,16,85
359,Molusco TV,https://www.soundcloud.com/yosoymolusco,Not yet,Yo Soy Molusco,"PR, Puerto Rico",43392,0,12
441,EL CULTO DE HOY EN CASA,https://www.soundcloud.com/elcultodehoyencasa,Not yet,,"Los Angeles, United States",559,1,6510
264,Instrumental,https://www.soundcloud.com/instrumental42758,Not yet,,,93,0,4573
365,Marketplace Tech,https://www.soundcloud.com/marketplace-tech,Not yet,Marketplace Tech,"New York/Los Angeles, United States",222955,43,57
912,Viviane Freitas,https://www.soundcloud.com/vivianefreitas,Not yet,Viviane Freitas,"São Paulo, Brazil",8182,0,823
1108,3ShotsOfTequila,https://www.soundcloud.com/3shotsoftequila,Not yet,,,14588,3,3
631,Stanford eCorner,https://www.soundcloud.com/ecorner,Not yet,Stanford ECorner,"Stanford, United States",857206,1,509
1266,614tss,https://www.soundcloud.com/614tss,Not yet,614tss,,12,0,1218
266,Igreja Cristo Vive,https://www.soundcloud.com/igrejacristovive,Not yet,Igreja Evangélica Cristo Vive,"Rio de Janeiro, Brazil",806,0,3353
933,Vanity Fair,https://www.soundcloud.com/vanityfair,Not yet,Vanity Fair,"New York, United States",26867,0,6
1046,1Kilo,https://www.soundcloud.com/1kiloofficial,Yes,,,83175,0,164
1356,829Music Mundial,https://www.soundcloud.com/829music-net,Not yet,,"New Brunswick, United States",6322,1,296
176,kgoradio,https://www.soundcloud.com/kgoradio,Not yet,KGO Radio,"San Francisco, United States",663,28,217
28,jinyexiang,https://www.soundcloud.com/jinyexiang,Not yet,,,54,0,1677
668,Farley Bros Radio,https://www.soundcloud.com/farleybrosradio,Yes,John and Kevin Farley,"Los Angeles, United States",693945,0,136
212,NITL,https://www.soundcloud.com/nitl-1,Not yet,,"Maharashtra, India",78,0,0
385,MadilynBaileyOfficial,https://www.soundcloud.com/madilyn-bailey-official_1457539153257,Not yet,Madilyn  Bailey,"Boyceville, United States",154840,0,25
872,The Splendid Table,https://www.soundcloud.com/thesplendidtable,Not yet,The Splendid Table,"St. Paul, United States",181345,10,24
943,Xhin,https://www.soundcloud.com/xhin,Yes,Xhin,"Singapore, Singapore",52747,0,63
1010,Ulf Lundell,https://www.soundcloud.com/ulflundell,Not yet,,,1380,0,25
290,OMTimes Radio,https://www.soundcloud.com/omtimes-radio,Not yet,OMTimes Radio,Asheville,2391,885,6484
1239,91p,https://www.soundcloud.com/991p,Not yet,,United Arab Emirates,8315,0,207
441,EL CULTO DE HOY EN CASA,https://www.soundcloud.com/elcultodehoyencasa,Not yet,,"Los Angeles, United States",559,1,6510
1068,2Deuce Carleone,https://www.soundcloud.com/2_deucecarleone,Yes,2Deuce Carleone,"Charlotte, United States",35814,6,59
938,Xavier Rudd,https://www.soundcloud.com/xavierrudd,Yes,Xavier Rudd,Australia,1880232,0,293
887,The Sporkful Podcast,https://www.soundcloud.com/sporkful,Not yet,"It's not for foodies, it's for eaters",,165465,1,38
1362,8D ASMR by Lullify,https://www.soundcloud.com/8dasmrbylullify,Not yet,,,75,0,1100
1365,8Ball & MJG,https://www.soundcloud.com/8ballmjg,Not yet,,,4327,0,327
207,NSSRM,https://www.soundcloud.com/nssrm,Not yet,,,1031,1,7503
781,Radiotoday.Net,https://www.soundcloud.com/radioonlinevietnam,Not yet,Bảo Uyên Phan,Hà Nội,6435,33,5642
670,FiredUp Network,https://www.soundcloud.com/firedupnetwork,Not yet,FiredUp Network,"Toronto, Canada",616,0,15261
257,InheritanceTracks,https://www.soundcloud.com/inheritancetracks,Not yet,,,39179,194,23
1154,47x47,https://www.soundcloud.com/47x47,Not yet,,"Berlin, Germany",7599,37,148
1313,7evin7ins,https://www.soundcloud.com/7evin7ins,Yes,,,20619,5,20
99,Comics On Comics,https://www.soundcloud.com/comicsoncomics,Not yet,Juan Manuel Rocha Vito Lapiccola,"Los Angeles, CA, United States",236691,1,3
1313,7evin7ins,https://www.soundcloud.com/7evin7ins,Yes,,,20619,5,20
770,DJ Walka,https://www.soundcloud.com/dj-walka,Not yet,C Dub,"Portland Oregon, United States",914,15,2053
705,03 Greedo,https://www.soundcloud.com/03greedo,Yes,03 Greedo,"Watts, Los Angeles",152757,7,129
916,VOA Amharic,https://www.soundcloud.com/voa-amharic,Not yet,,"Washington, United States",892,0,10
587,YERINB,https://www.soundcloud.com/eyriej,Not yet,Yerin Baek,seoul,225861,5,3
199,kduz karp,https://www.soundcloud.com/kduz-karp,Not yet,kduz karp,"Hutchinson, mn, United States",260,0,3150
275,iutatter,https://www.soundcloud.com/iutatter,Not yet,,,35,0,615
795,Reith Lectures 2012,https://www.soundcloud.com/the-reith-lectures,Not yet,,,351957,194,3
32,Jeremy Bible,https://www.soundcloud.com/jeremybible,Not yet,Jeremy Bible,"Kent, Ohio, United States",30954,1999,198
675,freevj,https://www.soundcloud.com/freevj,Not yet,,,110746,4,1
1026,1938news,https://www.soundcloud.com/1938news,Not yet,1938 News,"NY, United States",176538,14,9
319,HBR IdeaCast,https://www.soundcloud.com/hbrideacast,Not yet,Harvard Business Review (HBR),"Boston, United States",657140,0,6
161,Audio Fanfic Podcast,https://www.soundcloud.com/audiofanficpod,Not yet,,,416,11,2543
465,EDMLead House,https://www.soundcloud.com/edmlead-house,Not yet,● Tomorrowland ● EDM ● Promotion ● Trap ● Pop ●,"Leeds, United Kingdom",139052,8,16
538,Preston And Steve Rock,https://www.soundcloud.com/preston-and-steve-rock,Not yet,,"Philadelphia, PA, United States",2088,29,4639
766,Deep + Dishy,https://www.soundcloud.com/deepanddishy,Not yet,,Deep Sounds | Free Download,202568,0,0
103,Coptic Orthodox Jerusalem,https://www.soundcloud.com/coptic-jerusalem,Not yet,,Jerusalem,2971,1,5666
613,You,https://www.soundcloud.com/youofficial,Not yet,,Norway,122,61,0
1011,Unknown / 💣,https://www.soundcloud.com/nhyan-alketbi,Not yet,Nhyan Alketbi,"Abu dhabi, United Arab Emirates",1696,0,264
203,Keepin' it 1600,https://www.soundcloud.com/keepinit1600,Not yet,,,10456,0,3
509,Primedia Broadcasting,https://www.soundcloud.com/primediabroadcasting,Not yet,Primedia Broadcasting,Cape Town & Johannesburg,5698,6,40409
1130,3LLL,https://www.soundcloud.com/3lll,Not yet,Computer Program,Running Simulation,9933,461,101
825,Zaptrackman,https://www.soundcloud.com/user-351135787,Not yet,,,26,0,0
504,Blend Mishkin,https://www.soundcloud.com/cast-a-blast,Not yet,,"Athens, Greece",512093,733,8
102,Chill Nation,https://www.soundcloud.com/allchillnation,Yes,,Worldwide,293637,1309,22
1207,5oh8,https://www.soundcloud.com/5oh8music,Yes,,,15547,10,61
578,WZFG-AM 1100,https://www.soundcloud.com/wzfg-am-1100,Not yet,,,711,1,5
597,Young_Dolph,https://www.soundcloud.com/young_dolph-1,Yes,,,142098,1,17
1000,University of Kizomba,https://www.soundcloud.com/ka7s,Not yet,Rui Djassi Moracén,"Luanda, Angola",3758,64,305
941,XavierWulf,https://www.soundcloud.com/xavierwulf,Yes,Xavier Wulf,"Memphis, United States",405909,231,239
244,Intelligence Squared,https://www.soundcloud.com/intelligence2,Not yet,Intelligence Squared,London,1295669,2,1
344,𝓗𝓲𝓹-𝓗𝓸𝓹 𝓒𝓮𝓷𝓽𝓮𝓻,https://www.soundcloud.com/hiphop-center-promo,Not yet,REPOST & PROMOTION,,6923,115,2633
411,Guardian Ashes podcast,https://www.soundcloud.com/guardian-ashes-podcast,Not yet,,"London, United Kingdom",403103,22,4
1293,790 KABC,https://www.soundcloud.com/stevenbanuelos,Not yet,,,294,0,7278
590,YoYoHoneySingh,https://www.soundcloud.com/yoyohoneysingh,Not yet,Honey Singh,"Chandigarh, India",76916,0,4
422,Gabriel Stevent Damanik,https://www.soundcloud.com/gabriel-stevent-damanik,Not yet,Gabriel Damanik,"DKI Jakarta, Indonesia",31610,9,36
947,xilent,https://www.soundcloud.com/xilent,Yes,[zaɪlənt],,137687,0,96
235,Nikolai Gogol & Julian Mill,https://www.soundcloud.com/nikolaigogoljulianmill,Not yet,,,10,0,3624
48,Letter from America 97-00,https://www.soundcloud.com/letter-clinton2,Not yet,,"London, United Kingdom",409782,194,12
1291,6lalstring,https://www.soundcloud.com/6lalstring,Not yet,Abdurhman T,,2518,202,14
775,Deutschlandfunk Nova,https://www.soundcloud.com/dradio-wissen,Not yet,,"Köln, Germany",47820,1,34
599,y108rocks,https://www.soundcloud.com/y108rocks,Not yet,Y108 Rocks,"Hamilton, Canada",321,1,52
1207,5oh8,https://www.soundcloud.com/5oh8music,Yes,,,15547,10,61
1321,7evenrecordings,https://www.soundcloud.com/7evenrecordings,Not yet,7even Recordings,"東京 Tokyo, Japan",5251,12,31
957,XYLØ,https://www.soundcloud.com/xylo,Yes,,Westlake Village,69336,0,47
964,Xavier Omär,https://www.soundcloud.com/xvromar,Yes,,"San Antonio , United States",79672,181,45
145,Al Jazeera,https://www.soundcloud.com/aljazeera,Not yet,Al Jazeera English,"Doha, Qatar",46043,2,9
1197,5by5,https://www.soundcloud.com/fivebyfive,Not yet,5by5 Productions,"Austin, TX, United States",183,1,2
319,HBR IdeaCast,https://www.soundcloud.com/hbrideacast,Not yet,Harvard Business Review (HBR),"Boston, United States",657140,0,6
64,LarryFedorukShow,https://www.soundcloud.com/larryfedorukshow,Not yet,Larry Fedoruk,"St. Catharines, Canada",305,1,14
1238,94.3 The Game,https://www.soundcloud.com/943thegame,Not yet,,,605,4,3
1246,98.7 WVMO,https://www.soundcloud.com/voice-of-monona-wvmo,Not yet,Voice of Monona WVMO,Monona,206,7,1589
799,RAC1,https://www.soundcloud.com/rac1oficial,Not yet,RAC1 Tots som 1,,2792,3,26
905,VOA Afrique,https://www.soundcloud.com/voaafrique,Not yet,VOA Afrique,"District of Columbia, United States",508,0,7
665,Fryars,https://www.soundcloud.com/fryars,Yes,Benjamin Garrett,London,2174928,2,48
931,Virility Recordings,https://www.soundcloud.com/virilityrecordings,Yes,Record Label,India,10191,151,147
341,housechurch,https://www.soundcloud.com/gasawon,Not yet,가정교회 웹사이트 지원센터,Seoul,176,1,5
349,Hasenchat Music,https://www.soundcloud.com/hasenchat,Yes,Norbert Reinwand,"Knetzgau, Germany",26846,1656,3186
1120,3KND Kool N Deadly,https://www.soundcloud.com/3knd,Not yet,,"Melbourne, Australia",178,45,1188
997,Universal Production Music UK,https://www.soundcloud.com/user-219251349,Not yet,,,300,1,4
2,JAY Z's Life+Times,https://www.soundcloud.com/life-times,Not yet,Life Times,"New York, United States",892697,0,0
1107,34MAG.NET,https://www.soundcloud.com/34magnet,Not yet,,,1497,10,1161
204,Kris Menace,https://www.soundcloud.com/krismenace,Yes,,,19337,50,264
1036,1440 KEYS Corpus Christi,https://www.soundcloud.com/1440-keys-corpus-christi,Not yet,,,451,5,3565
875,The Life Scientific,https://www.soundcloud.com/the-life-scientific,Not yet,,,525872,194,6
918,Velvet Hammer,https://www.soundcloud.com/velvethammer,Not yet,Velvet Hammer Music and Management,"West Hollywood, United States",86093,10,1
1147,45thPresident,https://www.soundcloud.com/45thpresident,Not yet,,"Fountain Valley, United States",116,244,1876
582,WSariviyal,https://www.soundcloud.com/wsariviyal,Not yet,World Service Ariviyal,London,421602,194,18
188,King Rec Produções,https://www.soundcloud.com/kingrec,Not yet,King Rec,"São Paulo, Brazil",248,1,8
992,UNICORN KID,https://www.soundcloud.com/unicornkid,Yes,,Scotland,20581,44,10
485,BBCR4FrontRowDaily,https://www.soundcloud.com/bbcr4frontrowdaily,Not yet,Front Row Daily,London,37975,194,6
1238,94.3 The Game,https://www.soundcloud.com/943thegame,Not yet,,,605,4,3
353,Hanjo,https://www.soundcloud.com/hanjo,Not yet,Hanjo Gäbler,"Hamburg, Germany",1094,272,1696
27,jettnkayla,https://www.soundcloud.com/jettnkayla,Not yet,,,5,2,0
1107,34MAG.NET,https://www.soundcloud.com/34magnet,Not yet,,,1497,10,1161
626,soundpost.co.kr,https://www.soundcloud.com/soundpost-150734522,Not yet,,,1420,0,35977
208,NightValeRadio,https://www.soundcloud.com/nightvaleradio,Not yet,,"Night Vale, United States",571184,0,14
731,0000000000000000000000000,https://www.soundcloud.com/000000000_0000000000,Not yet,,,341,7,463
223,Naseebo Lal,https://www.soundcloud.com/naseebolal,Not yet,,,3707,0,2414
995,user5418208,https://www.soundcloud.com/user5418208,Not yet,,,58,1,5
362,MediaGuardian,https://www.soundcloud.com/guardianmediatalk,Not yet,,London,746302,9,5
1313,7evin7ins,https://www.soundcloud.com/7evin7ins,Yes,,,20619,5,20
1147,45thPresident,https://www.soundcloud.com/45thpresident,Not yet,,"Fountain Valley, United States",116,244,1876
869,The Virginmarys,https://www.soundcloud.com/thevirginmarysofficial,Yes,,"Manchester, United Kingdom",473408,7,87
454,Evolution Podcast Network,https://www.soundcloud.com/evolutionpodcastnetwork,Not yet,Evolution Storytelling Company,"Burnaby, BC, Canada",508,33,3932
874,The Times Red Box Podcast,https://www.soundcloud.com/times-comment,Not yet,Times Red Box,London,145295,4,11
1313,7evin7ins,https://www.soundcloud.com/7evin7ins,Yes,,,20619,5,20
852,ZAHNI MUSIX supported by ill Patron,https://www.soundcloud.com/zahni_live,Not yet,,"Chemnitz, Magdeburg , Germany",58474,25,217
1147,45thPresident,https://www.soundcloud.com/45thpresident,Not yet,,"Fountain Valley, United States",116,244,1876
961,xKore,https://www.soundcloud.com/xkore,Yes,,London,65545,509,80
1022,1BTN,https://www.soundcloud.com/1btn,Not yet,,"Brightonia, United Kingdom",3187,95,8439
384,Madonna Live,https://www.soundcloud.com/olivier-dlx,Not yet,Olivier,"Perpignan, France",1967,373,3103
7,Jack London,https://www.soundcloud.com/jack-london-music,Not yet,,,115,0,7547
268,Ideias Gazeta do Povo,https://www.soundcloud.com/gazetadopovopodcast,Not yet,Gazeta do Povo,"Curitiba, Brazil",6368,0,614
1100,3000Grad / Acker Records,https://www.soundcloud.com/3000-grad,Yes,,"Wustrow, Germany",37871,236,876
534,Please Listen To My Demo,https://www.soundcloud.com/pltmd,Not yet,Michael Dizon,"New York, United States",1423,1,0
1043,1akunoi,https://www.soundcloud.com/damien-james-8,Not yet,damien james,,169,5,1
142,ayaat_group,https://www.soundcloud.com/ayaat_channel,Not yet,GROUP AYAAT,"Riyadh, Saudi Arabia",21644,0,26
918,Velvet Hammer,https://www.soundcloud.com/velvethammer,Not yet,Velvet Hammer Music and Management,"West Hollywood, United States",86093,10,1
359,Molusco TV,https://www.soundcloud.com/yosoymolusco,Not yet,Yo Soy Molusco,"PR, Puerto Rico",43392,0,12
1117,3ssam Sasa Official,https://www.soundcloud.com/saasaoffical,Not yet,عصام صاصا,"El Haram, Egypt",64787,0,0
1246,98.7 WVMO,https://www.soundcloud.com/voice-of-monona-wvmo,Not yet,Voice of Monona WVMO,Monona,206,7,1589
692,Film Weekly,https://www.soundcloud.com/guardianfilmshow,Not yet,,The Guardian,64813,9,7
680,Franklin E. Morris,https://www.soundcloud.com/franklin-e-morris,Not yet,Franklin Morris,"Syracuse, New York, United States",257,5,42
436,EXO,https://www.soundcloud.com/exomusic,Not yet,,,69820,0,438
935,XXXTENTACION,https://www.soundcloud.com/jahseh-onfroy,Yes,,,5120773,0,182
911,VOA Ndebele,https://www.soundcloud.com/voandebele,Not yet,,"Washington, DC, United States",248,0,4
424,gamaliel-audrey,https://www.soundcloud.com/gamaliel-audrey,Not yet,Gamaliel and Audrey Tapiheru,"Banten, Indonesia",40864,63,6
30,Jackson Breit,https://www.soundcloud.com/jacksonbreitmusic,Not yet,Jackson Breit,"Los Angeles, United States",33077,26,80
687,Forss,https://www.soundcloud.com/forss,Yes,Eric Wahlforss,"Berlin, Germany",133271,1268,26
825,Zaptrackman,https://www.soundcloud.com/user-351135787,Not yet,,,26,0,0
8,Jacarandá,https://www.soundcloud.com/jacaranda-trilhas-sonoras,Not yet,Julian Ludwig,"São Paulo, Brazil",768,1,216
1167,47 Records,https://www.soundcloud.com/47radio,Not yet,Four Seven,"BEAST COAST, United States",25680,50,61
288,ollymurs,https://www.soundcloud.com/ollymurs,Yes,Olly Murs,London,80556,1,223
1053,2Pac,https://www.soundcloud.com/2pac,Yes,Tupac Shakur,,487035,1,574
36,Joseph Prince,https://www.soundcloud.com/josephprince,Not yet,,"Singapore, Singapore",4422,0,31
138,A Point Of View,https://www.soundcloud.com/apointofview,Not yet,,London,41207,194,17
1322,7Wallace,https://www.soundcloud.com/7-wallace,Not yet,7Wallace,London,5931,251,3
508,Pump Your Sound,https://www.soundcloud.com/pumpyoursound,Not yet,EDM SoundCloud Chart,Get Your Music Heard!,1510587,11,25
757,d-o,https://www.soundcloud.com/avid111,Not yet,,,305,6,0
168,KG Radio Network,https://www.soundcloud.com/kgradionetwork,Not yet,KG Radio Network,,911,0,4
1088,22Shotz (Live on Beatstars),https://www.soundcloud.com/got22shotz,Not yet,,,2847,139,67
990,User 917816620,https://www.soundcloud.com/user-917816620,Not yet,,,6,1,0
590,YoYoHoneySingh,https://www.soundcloud.com/yoyohoneysingh,Not yet,Honey Singh,"Chandigarh, India",76916,0,4
57,LT29 Radio Venado Tuerto,https://www.soundcloud.com/lt29-radio-venado-tuerto,Not yet,,,425,0,26
767,DJ System ID,https://www.soundcloud.com/djsystemid,Yes,Alex Garcia,"San Salvador , El Salvador",12512,1,574
1323,7-Minute Daily Bible Study,https://www.soundcloud.com/chaneytoday,Not yet,John Chaney III,"Louisville, KY, United States",119,4,31
377,Mike Bloomberg,https://www.soundcloud.com/mikebloomberg,Not yet,Mike Bloomberg,"New York City, United States",79521,0,44
1008,UNDR THE RADR,https://www.soundcloud.com/undrtheradr,Not yet,,"New York, NY, United States",3304,1,223
1053,2Pac,https://www.soundcloud.com/2pac,Yes,Tupac Shakur,,487035,1,574
989,UNDERGROUND RESISTANCE,https://www.soundcloud.com/undergroundresistance,Not yet,UR,"Detroit, United States",42659,0,16
573,WSWitness2012,https://www.soundcloud.com/wswitness2012,Not yet,World Services Witness Archive 2012,London,244201,194,20
360,magpie303,https://www.soundcloud.com/magpie303,Not yet,,"Donegal, Ireland",13772,274,8475
992,UNICORN KID,https://www.soundcloud.com/unicornkid,Yes,,Scotland,20581,44,10
1154,47x47,https://www.soundcloud.com/47x47,Not yet,,"Berlin, Germany",7599,37,148
490,Bantana Audio,https://www.soundcloud.com/bantana,Yes,,,57573,102,178
507,Bình Hồ Official,https://www.soundcloud.com/binh-ho-310210397,Yes,DJ Bình Hồ,"Hồ Chí Minh, Viet Nam",102573,1,29
490,Bantana Audio,https://www.soundcloud.com/bantana,Yes,,,57573,102,178
922,VancouverFilmSchool,https://www.soundcloud.com/vancouverfilmschool,Not yet,Vancouver Film School,"Vancouver, Canada",34705,29,250
1,JLS Official,https://www.soundcloud.com/jlsofficial,Not yet,JLS Official,"London, United Kingdom",1055411,0,72
763,Desert Island Discs 60-69,https://www.soundcloud.com/dids-8,Not yet,,,33307,194,23
1085,290,https://www.soundcloud.com/two290ninety,Yes,,"Ulaanbaatar, Mongolia",22671,0,59
1350,88rising,https://www.soundcloud.com/88rising,Yes,,Global,70488,58,65
1260,69 | Dummy Boy,https://www.soundcloud.com/6ix9ine-dummy-boy-69,Not yet,,,20613,19,1
285,ONE Radio,https://www.soundcloud.com/oneradiomalta,Not yet,,,752,11,4
50,Letter from America: Bush,https://www.soundcloud.com/letter-from-america-bush,Not yet,,,409335,194,13
1072,24kGoldn,https://www.soundcloud.com/24kgoldn,Yes,,San Franicisco,130163,11,71
1302,77 WABC,https://www.soundcloud.com/77-wabc,Not yet,Chuck Armstrong,"New York, United States",13121,0,46
1321,7evenrecordings,https://www.soundcloud.com/7evenrecordings,Not yet,7even Recordings,"東京 Tokyo, Japan",5251,12,31
1167,47 Records,https://www.soundcloud.com/47radio,Not yet,Four Seven,"BEAST COAST, United States",25680,50,61
634,Su Presencia Radio,https://www.soundcloud.com/supresenciaradio,Not yet,Su Presencia Radio,"Bogota, Colombia",9557,1,2619
1274,666 Records,https://www.soundcloud.com/666recordsnetwork,Not yet,by 666 Network,"California, United States",786,11,260
983,user527040026,https://www.soundcloud.com/user527040026,Not yet,,,72,0,1569
99,Comics On Comics,https://www.soundcloud.com/comicsoncomics,Not yet,Juan Manuel Rocha Vito Lapiccola,"Los Angeles, CA, United States",236691,1,3
342,haidemos,https://www.soundcloud.com/haidemos,Not yet,,,300,0,67
1313,7evin7ins,https://www.soundcloud.com/7evin7ins,Yes,,,20619,5,20
889,Tauz,https://www.soundcloud.com/tauzoficial,Not yet,,,132426,8,55
847,ZICO,https://www.soundcloud.com/fxcdzico,Not yet,,"Seoul, Republic of Korea",71081,193,6
898,VOATibetan,https://www.soundcloud.com/voatibetan,Not yet,,United States,997,0,14984
32,Jeremy Bible,https://www.soundcloud.com/jeremybible,Not yet,Jeremy Bible,"Kent, Ohio, United States",30954,1999,198
1095,3000 BASS,https://www.soundcloud.com/3000bass,Yes,Strictly Bangers,London,81128,1924,1235
837,Zee,https://www.soundcloud.com/theworldbyzee,Not yet,,,33166,40,71
533,Piers Morgan Tonight,https://www.soundcloud.com/pierstonight,Not yet,Piers  Morgan,,99582,1,4
1120,3KND Kool N Deadly,https://www.soundcloud.com/3knd,Not yet,,"Melbourne, Australia",178,45,1188
402,gamespot,https://www.soundcloud.com/gamespot,Not yet,GameSpot,"San Francisco, United States",179397,0,6
1348,8ball Music,https://www.soundcloud.com/8ball-music,Not yet,8ball Music,"Hilversum, Netherlands",1155,17,128
987,user818784795,https://www.soundcloud.com/user818784795,Not yet,,,44,0,0
646,seven ages of science,https://www.soundcloud.com/seven-ages-of-science,Not yet,Seven Ages of Science,London,542282,194,6
661,Super Data Science,https://www.soundcloud.com/superdatascience,Not yet,,,10262,12,632
785,Radio Sawa's Latest Newscasts,https://www.soundcloud.com/sawanews,Not yet,,,970,0,22537
1142,4NC¥ // DarkMode,https://www.soundcloud.com/4ncurrency,Not yet,Foreign Currency //DarkMode,,3977,1114,611
1249,90.3 WMSC FM,https://www.soundcloud.com/wmsc,Not yet,,"Upper Montclair, NJ, United States",280,13,9
3,Johann Wolfgang von Goethe,https://www.soundcloud.com/johannwolfgangvongoethe,Not yet,,,98,0,13787
309,ORTB,https://www.soundcloud.com/ortb,Not yet,,"Cotonou, Benin",283,4,3859
311,onePlaylistUser,https://www.soundcloud.com/oneplaylistuser,Not yet,,,28,239,0
672,franceculture,https://www.soundcloud.com/franceculture,Not yet,France Culture,"Paris, France",128798,7,37
1017,103.7 The Buzz,https://www.soundcloud.com/1037thebuzz,Not yet,,"Little Rock, AR",1978,0,5
756,DBS News,https://www.soundcloud.com/user-762148399,Not yet,,,496,4,6798
546,Penn's Sunday School,https://www.soundcloud.com/ribbit-starr,Not yet,Penn Jillette,"Las Vegas, United States",73519,124,16
547,PingMan,https://www.soundcloud.com/killking12,Not yet,,,9490,0,0
984,upin gundul,https://www.soundcloud.com/upin-gundul,Not yet,upin gundul,United States,9,0,2391
609,YUKiBeats,https://www.soundcloud.com/user-248360023-283779399,Not yet,,,4821,8,560
1277,6FTERLIFE,https://www.soundcloud.com/6fterlife,Not yet,,"sadjustin6 / 6fterlife, United States",2895,48,69
1004,user224184187,https://www.soundcloud.com/user224184187,Not yet,,,2,37,0
84,La Beriso,https://www.soundcloud.com/laberiso,Not yet,,,13351,0,191
680,Franklin E. Morris,https://www.soundcloud.com/franklin-e-morris,Not yet,Franklin Morris,"Syracuse, New York, United States",257,5,42
347,Hamsters,https://www.soundcloud.com/hamsters,Not yet,Sky// PhemieC,,377206,6,45
410,Gaby Vargas,https://www.soundcloud.com/gabyvargaspodcast,Not yet,Autora,Mexico,2796,0,2665
480,Bido Lito!,https://www.soundcloud.com/bido-lito,Not yet,Bido Lito!,"Liverpool, United Kingdom",720645,9,35
1199,50:HERTZ,https://www.soundcloud.com/50hertz-radioshow,Not yet,50:HERTZ Community,Netherlands,3224,390,295
783,radiofluxo,https://www.soundcloud.com/radiofluxo,Not yet,,,408,1,27569
706,0,https://www.soundcloud.com/h0123,Not yet,,,38259,1,22
506,BK Sustenance,https://www.soundcloud.com/bk-sustenance,Not yet,,,1097,0,3
1335,800 Pound Gorilla Records,https://www.soundcloud.com/user-954895437,Not yet,,,27,0,308
758,Desert Island Discs 70-86,https://www.soundcloud.com/desert-island-discs-70-86,Not yet,,,33574,194,5
1190,5x15,https://www.soundcloud.com/5x15,Not yet,,London,613,4,583
606,YG Entertainment,https://www.soundcloud.com/yg-entertainment,Not yet,,,54551,2,5
564,WTMJ,https://www.soundcloud.com/620-wtmj,Not yet,,"Milwaukee, United States",1013,0,13236
342,haidemos,https://www.soundcloud.com/haidemos,Not yet,,,300,0,67
1299,75e Session,https://www.soundcloud.com/75esession,Not yet,#DOJOKLAN,"93/75YO, France",13124,9,54
92,Cecelia Pitt,https://www.soundcloud.com/cecelia-pitt,Not yet,Cecelia Pitt,"Hamilton, Bermuda",306,2,11804
962,Xomu,https://www.soundcloud.com/xomuu,Yes,,,18602,789,17
225,nzherald,https://www.soundcloud.com/nzherald,Not yet,nzherald.co.nz,New Zealand,798,1,5
648,Scotland Inspired,https://www.soundcloud.com/scotland-inspired,Not yet,BBC Radio Scotland Scotland Inspired,"Scotland, United Kingdom",437067,194,13
1024,"105,5 Sto Kokkino",https://www.soundcloud.com/user-899349255,Not yet,,,710,0,8185
683,FromOurOwnCorrespondent,https://www.soundcloud.com/fromourowncorrespondent,Not yet,,,42293,194,6
406,Great Lives,https://www.soundcloud.com/great-lives,Not yet,Great Lives,London,38687,194,6
616,Yahya.Hawwa,https://www.soundcloud.com/yahya_hawwa,Not yet,يحيى حوى,"Amman, Jordan",18890,1,34
969,XYPO,https://www.soundcloud.com/dylxn2rich,Yes,DJ /  Producer,LONDON,66913,99,27
132,Adam_and_Joe,https://www.soundcloud.com/adam_and_joe,Not yet,Adam and Joe,,724271,194,3
1159,47SOUL | السبعة و أربعين,https://www.soundcloud.com/47soul,Yes,47SOUL,,37897,48,33
586,Yoga Music,https://www.soundcloud.com/yogamusicofficial,Not yet,,,1835,0,13380
1124,3TEETH,https://www.soundcloud.com/3teeth,Not yet,,"Los Angeles, United States",5804,74,104
883,"TRAP TYPE BEAT, RAP BEATS",https://www.soundcloud.com/ndreloor,Not yet,"2017 Hopsin Tech N9ne Fabolous Ed S SZA, JAY Z, Juicy J, Katy Perry, NB",,41932,966,48
462,Elation,https://www.soundcloud.com/elation-sounds,Not yet,Clark,"LA, United States",60641,90,3
278,On Air with Ryan Seacrest,https://www.soundcloud.com/ryanseacrest,Not yet,Ryan Seacrest,"Los Angeles, United States",802945,22,70
952,XINOBI,https://www.soundcloud.com/xinobi,Yes,Bruno Cardoso,"Lisbon, Portugal",40271,283,184
1292,780 AM,https://www.soundcloud.com/780-am,Not yet,Radio Primero de Marzo,"Asunción, Paraguay",494,0,112
715,02ad,https://www.soundcloud.com/02ad,Not yet,,"Abu Dhabi, United Arab Emirates",7845,5,31
583,WSDocumentariesArchive08,https://www.soundcloud.com/wsdocumentariesarchive08,Not yet,World Service Documentaries Archive 2008,London,323862,194,8
158,Actitud 100.9,https://www.soundcloud.com/radio-actitud-100-9,Not yet,,,1918,2,1875
147,ASH ISLAND,https://www.soundcloud.com/ashisland,Not yet,,,72682,0,1
608,YXSSBEATS,https://www.soundcloud.com/yxssbeats,Not yet,YXSS BEATS,"Khartom, Sudan",21632,9,31
1158,4hero,https://www.soundcloud.com/4hero,Not yet,,"London, United Kingdom",18208,3,10
861,talkSPORT,https://www.soundcloud.com/talksport,Not yet,talkSPORT,London,69275,44,13
993,U92 The Moose,https://www.soundcloud.com/u92,Not yet,U92 WVU's Student Radio Station,"Morgantown, WV, United States",516,13,8
246,INgroovesmarketing,https://www.soundcloud.com/ingroovesmarketing,Yes,INgrooves Marketing,"Encino, United States",4475,30,448
1134,4everbrandy,https://www.soundcloud.com/4everbrandy,Yes,Brandy Norwood,"Los Angeles, United States",94230,1,171
804,Roland,https://www.soundcloud.com/rolandcom,Not yet,,"Hamamatsu, Japan",4587,0,3308
910,VOA Urdu,https://www.soundcloud.com/voa-urdu,Not yet,,"Washington, United States",1882,0,3
80,Lee Grane,https://www.soundcloud.com/leegranemusic,Not yet,Lee Grane,Makati City,20233,1,42
875,The Life Scientific,https://www.soundcloud.com/the-life-scientific,Not yet,,,525872,194,6
379,MonticelloMedia,https://www.soundcloud.com/monticellomedia,Not yet,Helen Powers,"Charlottesville, United States",1994,14,26
695,Front Row Weekly,https://www.soundcloud.com/front-row-weekly,Not yet,Front Row Weekly,London,38991,194,2
13,JustaTee,https://www.soundcloud.com/justatee,Not yet,Jay Tee,"Ha Noi City, Viet Nam",66936,22,65
584,YaleUniversity,https://www.soundcloud.com/yaleuniversity,Not yet,Yale University,"New Haven, United States",618681,0,1851
650,Sony Music Spain,https://www.soundcloud.com/sonymusicspain,Yes,Sony Music Spain,Spain,71699,0,36
820,ZONA 3 Noticias,https://www.soundcloud.com/zona3noticias,Not yet,Zona 3 Noticias,Guadalajara,1105,0,67
1180,59 Degrees,https://www.soundcloud.com/59degrees,Not yet,,Chill Sounds | Free Download,193652,0,0
83,Lovemonk,https://www.soundcloud.com/lovemonk,Not yet,Lovemonk Discos Buenos,"Madrid, Spain",4583,114,0
1282,6HOST,https://www.soundcloud.com/6hosttown,Yes,,Los Angeles,6936,173,91
1312,7KMusic,https://www.soundcloud.com/7k_music,Not yet,,Germany,437,396,48
616,Yahya.Hawwa,https://www.soundcloud.com/yahya_hawwa,Not yet,يحيى حوى,"Amman, Jordan",18890,1,34
882,Tech It Or Leave It,https://www.soundcloud.com/techitorleaveit,Not yet,,"England, United Kingdom",511626,18,161
721,٠ ᴇ ʙ ɴ ٠,https://www.soundcloud.com/user-553254443,Not yet,,"DUBAI, United Arab Emirates",656,2,53
441,EL CULTO DE HOY EN CASA,https://www.soundcloud.com/elcultodehoyencasa,Not yet,,"Los Angeles, United States",559,1,6510
263,"ICAN Institute, Inc.",https://www.soundcloud.com/deberickson,Not yet,Deb Erickson,,1815,0,1
123,CanZion Group LP,https://www.soundcloud.com/canzion,Not yet,,"Houston, United States",8773,6,1052
1354,8-Bit Misfits,https://www.soundcloud.com/8-bitmisfits,Not yet,,,676,0,829
451,Eric Kauffmann,https://www.soundcloud.com/erickauffmann,Yes,Eric Kauffmann,28%,71374,279,48
406,Great Lives,https://www.soundcloud.com/great-lives,Not yet,Great Lives,London,38687,194,6
194,kv331synthmaster,https://www.soundcloud.com/kv331synthmaster,Not yet,KV331 Audio,"Ankara, Turkey",2929,65,647
686,FEaB Podcast,https://www.soundcloud.com/feab,Not yet,Nerdist Industries,,96849,0,2
646,seven ages of science,https://www.soundcloud.com/seven-ages-of-science,Not yet,Seven Ages of Science,London,542282,194,6
1225,99xxxx,https://www.soundcloud.com/99xxxx,Not yet,,,286,0,4207
194,kv331synthmaster,https://www.soundcloud.com/kv331synthmaster,Not yet,KV331 Audio,"Ankara, Turkey",2929,65,647
1307,7 Skies,https://www.soundcloud.com/7skies,Not yet,David Boldini,"Brescia, Italy",15041,33,25
833,z•est radio,https://www.soundcloud.com/zoneestradio,Not yet,,Strasbourg,1240,23,1766
1363,808 State,https://www.soundcloud.com/808-state-official,Not yet,,"Manchester, United Kingdom",3955,0,455
1210,52 Things,https://www.soundcloud.com/52things,Not yet,,"New York, United States",14,17,572
935,XXXTENTACION,https://www.soundcloud.com/jahseh-onfroy,Yes,,,5120776,0,182
217,NIRS News,https://www.soundcloud.com/nirs-news,Not yet,,,231,1,331
591,Your face sounds familiar,https://www.soundcloud.com/your-face-sounds-familiar,Not yet,شكلك مش غريب,"Bayrut, Lebanon",1685,0,184
1149,4Beat Records,https://www.soundcloud.com/4beat-records,Not yet,4Beat Records,ALL DEMOS → demo@4beatrecords.org,7585,4,782
440,elTOQUE,https://www.soundcloud.com/radionetherlands,Not yet,,,55876,0,29
49,leral,https://www.soundcloud.com/leral,Not yet,Leral Sénégal,"dakar, Senegal",666,0,10775
1224,988fm,https://www.soundcloud.com/988,Not yet,,,823,0,12
902,Vieka,https://www.soundcloud.com/vieka,Not yet,Vieka Plays,England,769457,145,59
8,Jacarandá,https://www.soundcloud.com/jacaranda-trilhas-sonoras,Not yet,Julian Ludwig,"São Paulo, Brazil",768,1,216
1252,6IX9INE,https://www.soundcloud.com/scumgang6ix9ine,Yes,,,955866,1,84
1316,78 Edits,https://www.soundcloud.com/78edits,Not yet,Jamie Buchanan,Edinburgh,9677,91,10
794,Reith Lectures 1976-2011,https://www.soundcloud.com/reith-lectures-1976-2011,Not yet,The Reith Lectures Archive 1976-2011,,351198,194,3
1034,14th Street Music,https://www.soundcloud.com/14th-street-music,Not yet,,United States,255,38,70
1039,1400 KLIN,https://www.soundcloud.com/1400-klin,Not yet,,,282,0,9
93,Columbia University,https://www.soundcloud.com/columbia,Not yet,Columbia University,"New York, United States",182273,0,0
571,WAKR/NewsTalkSports,https://www.soundcloud.com/wakr-newstalksports,Not yet,1590 WAKR,"Akron, United States",779,1,11325
1312,7KMusic,https://www.soundcloud.com/7k_music,Not yet,,Germany,437,396,48
756,DBS News,https://www.soundcloud.com/user-762148399,Not yet,,,496,4,6798
174,Kyle Cease: Kyle's Cult,https://www.soundcloud.com/kyle-cease-kyles-cult,Not yet,Kyle Cease,"Los Angeles, United States",106935,0,3
334,Hanalita Farias,https://www.soundcloud.com/hanalita-farias,Not yet,Hanalita Farias,,127,65,0
207,NSSRM,https://www.soundcloud.com/nssrm,Not yet,,,1031,1,7503
921,Voiceover Kickstart Ltd,https://www.soundcloud.com/voiceover-kickstart,Not yet,Guy Michaels,"London, United Kingdom",530,15,3838
356,Mysie,https://www.soundcloud.com/mysie-music,Yes,Mysie,"London, United Kingdom",1119520,16,21
809,RadyoCihan,https://www.soundcloud.com/radyocihan,Not yet,Radyo Cihan radyocihan.com,"Istanbul, Turkey",921,0,33
551,Willy Mason,https://www.soundcloud.com/willymason,Yes,Willy Mason,"neverwhere, United States",1624182,20,62
1261,65daysofstatic,https://www.soundcloud.com/65daysofstatic,Yes,,"Sheffield, United Kingdom",17404,2,133
92,Cecelia Pitt,https://www.soundcloud.com/cecelia-pitt,Not yet,Cecelia Pitt,"Hamilton, Bermuda",306,2,11804
626,soundpost.co.kr,https://www.soundcloud.com/soundpost-150734522,Not yet,,,1420,0,35977
485,BBCR4FrontRowDaily,https://www.soundcloud.com/bbcr4frontrowdaily,Not yet,Front Row Daily,London,37975,194,6
333,harlandwilliams,https://www.soundcloud.com/harlandwilliams,Yes,Harland Williams,"Los Angeles, United States",31690,0,2477
536,Plusquam Network,https://www.soundcloud.com/plusquam-network,Not yet,Plusquam Network,"Munich, Germany",1715,0,91
1360,8MATIKLOGAN,https://www.soundcloud.com/1636logan,Yes,8matiklogan,"Chicago, United States",11237,8,113
936,Xavier de Maistre,https://www.soundcloud.com/xavier-de-maistre,Not yet,Xavier de Maistre,"Nice, France",1985172,0,19
590,YoYoHoneySingh,https://www.soundcloud.com/yoyohoneysingh,Not yet,Honey Singh,"Chandigarh, India",76916,0,4
759,Desert Island Discs 81-85,https://www.soundcloud.com/desert-island-discs-85,Not yet,Desert Island Discs 81-85,"Broadcasting House, London, United Kingdom",33863,276,5
120,citrusonicpromo,https://www.soundcloud.com/citrusonic-1,Not yet,Citrusonic Promo,"Los Angeles, CA, United States",1113,113,1
1028,104.1 KSGF,https://www.soundcloud.com/ksfg-fm,Not yet,,"Springfield, United States",421,1,5
1196,5 Minute Italian,https://www.soundcloud.com/5-minute-italian,Not yet,,,2541,0,86
35,Jordan Davis 59,https://www.soundcloud.com/jordan-davis-69,Not yet,Jordan Davis,,199,135,0
982,Ubiktune,https://www.soundcloud.com/ubiktune,Yes,,,8771,68,398
603,Yeiskomp Records,https://www.soundcloud.com/yeiskomp,Not yet,All demos → demo@yeiskomp.com,,3461,58,2333
379,MonticelloMedia,https://www.soundcloud.com/monticellomedia,Not yet,Helen Powers,"Charlottesville, United States",1994,14,26
584,YaleUniversity,https://www.soundcloud.com/yaleuniversity,Not yet,Yale University,"New Haven, United States",618681,0,1851
1343,808 Radio,https://www.soundcloud.com/808recordings,Yes,808 / Radio / Recordings,"Toledo, Spain",3754,1,1147
320,Hans Zimmer,https://www.soundcloud.com/hanszimmer,Not yet,Hans Zimmer,"Los Angeles, United States",331197,3,2
541,Promos for Richie Hawtin,https://www.soundcloud.com/rhawtin,Not yet,Richie Hawtin LABEL PROMOS ONLY - NO DEMOS (only,"Berlin, Germany",125171,2,3
562,WSWorldBookClub,https://www.soundcloud.com/wsworldbookclub,Not yet,World Service Book Club,London,476004,194,3
124,Citations Needed Podcast,https://www.soundcloud.com/citationsneeded,Not yet,Citations Needed,"Brooklyn, United States",12231,0,245
1321,7evenrecordings,https://www.soundcloud.com/7evenrecordings,Not yet,7even Recordings,"東京 Tokyo, Japan",5251,12,31
260,ikmultimedia,https://www.soundcloud.com/ikmultimedia,Not yet,IK Multimedia,"Modena, Italy",4009,40,3299
120,citrusonicpromo,https://www.soundcloud.com/citrusonic-1,Not yet,Citrusonic Promo,"Los Angeles, CA, United States",1113,113,1
725,08Music,https://www.soundcloud.com/user-883668536,Not yet,,,7423,41,32
320,Hans Zimmer,https://www.soundcloud.com/hanszimmer,Not yet,Hans Zimmer,"Los Angeles, United States",331197,3,2
366,Michigan Business Network,https://www.soundcloud.com/mi-biz-network,Not yet,,"Lansing, United States",865,13,6475
995,user5418208,https://www.soundcloud.com/user5418208,Not yet,,,58,1,5
605,Ysdug,https://www.soundcloud.com/ysdug,Not yet,,,0,0,2770
683,FromOurOwnCorrespondent,https://www.soundcloud.com/fromourowncorrespondent,Not yet,,,42293,194,6
866,The Game Podcast,https://www.soundcloud.com/the-game-podcast,Not yet,The Times,"London, United Kingdom",508286,1,4
224,Nawtico,https://www.soundcloud.com/nawtico,Not yet,,,6765,3,2
1330,7th Storey Projects,https://www.soundcloud.com/7th-storey-projects,Not yet,7th Storey Projects,United Kingdom,3403,188,118
351,House of Wow!,https://www.soundcloud.com/houseofwow,Not yet,,"Adelaide, Australia",66699,73,0
1351,84Music1,https://www.soundcloud.com/84music1,Not yet,blak music,"Warwick, United States",864,86,42
78,Lien Khuc Hay,https://www.soundcloud.com/cao-trang-1,Not yet,Trang Cao,,884,29,4
499,being_human,https://www.soundcloud.com/being_human,Not yet,Being Human,"London, United Kingdom",34666,194,7
1103,3024 MUSIC,https://www.soundcloud.com/3024world,Yes,Martyn,"DC METRO AREA, United States",30082,96,145
1232,943rs2,https://www.soundcloud.com/943rs2,Not yet,,"Berlin, Germany",186,0,110
581,WBEZ,https://www.soundcloud.com/wbez,Not yet,WBEZ Chicago Public Media,"Chicago, IL, United States",49815,14,47
990,User 917816620,https://www.soundcloud.com/user-917816620,Not yet,,,6,1,0
262,InheritanceTracks08-11,https://www.soundcloud.com/inheritancetracks08-11,Not yet,Inheritance Tracks 2008-2011,London,550,194,23
236,nuncacreas.net,https://www.soundcloud.com/nuncacreas,Not yet,johnny cruz,,851,33,51
70,Lives in a Landscape,https://www.soundcloud.com/lives-in-a-landscape,Not yet,,United Kingdom,32176,272,6
1074,2517_official,https://www.soundcloud.com/2517,Yes,,Moscow,9971,0,548
537,PARADISIA,https://www.soundcloud.com/paradisiacloud,Yes,,London,204547,48,26
509,Primedia Broadcasting,https://www.soundcloud.com/primediabroadcasting,Not yet,Primedia Broadcasting,Cape Town & Johannesburg,5698,6,40409
539,Promo,https://www.soundcloud.com/one-little-indie-promo,Not yet,,"London, United Kingdom",1706,87,1
888,Turtl3,https://www.soundcloud.com/dj_turtl3,Yes,,Canada,292536,29,2
583,WSDocumentariesArchive08,https://www.soundcloud.com/wsdocumentariesarchive08,Not yet,World Service Documentaries Archive 2008,London,323862,194,8
1087,24k golden,https://www.soundcloud.com/24k_g0lden,Not yet,,,92384,0,4
1035,1180 AM WFYL,https://www.soundcloud.com/user-590515469,Not yet,,United States,340,2,3858
411,Guardian Ashes podcast,https://www.soundcloud.com/guardian-ashes-podcast,Not yet,,"London, United Kingdom",403103,22,4
1298,7rystan,https://www.soundcloud.com/7rystan,Not yet,Trystan,"Kentucky, United States",11612,127,62
367,Music Nepal,https://www.soundcloud.com/music-nepal-1,Not yet,Music Nepal,"Kathmandu, Nepal",2464,2,5756
1370,8D Jazz Music,https://www.soundcloud.com/8djazzmusic,Not yet,,,165,0,794
647,Slikour,https://www.soundcloud.com/slikour,Not yet,Siya Metane,"Johannesburg, South Africa",11540,1,1466
498,BBC Cultural Exchange,https://www.soundcloud.com/bbcr4culturalexchange,Not yet,,United Kingdom,15930,194,8
697,fungdhamma,https://www.soundcloud.com/fungdhamma,Not yet,ฟังธรรมะ,"Nakhon Ratchasima, Thailand",1316,0,8
400,Guillemots,https://www.soundcloud.com/guillemots,Yes,,"London, United Kingdom",597607,0,95
715,02ad,https://www.soundcloud.com/02ad,Not yet,,"Abu Dhabi, United Arab Emirates",7845,5,31
204,Kris Menace,https://www.soundcloud.com/krismenace,Yes,,,19337,50,264
276,Okeh Records,https://www.soundcloud.com/okeh-records,Yes,,"New York, United States",4228722,0,0
1117,3ssam Sasa Official,https://www.soundcloud.com/saasaoffical,Not yet,عصام صاصا,"El Haram, Egypt",64787,0,0
853,Zone de la Musique Relaxante,https://www.soundcloud.com/zonedelamusiquerelaxante,Not yet,,,343,0,1771
942,X SQUAD,https://www.soundcloud.com/xsquadpremium,Not yet,Promotion Agency,"Los Angeles, United States",43471,0,0
1156,4PFLILBABY,https://www.soundcloud.com/user-8201450143,Not yet,,,15650,29,3
1263,666 Network,https://www.soundcloud.com/666network,Not yet,,"California, United States",10711,12,513
592,youpunk.net,https://www.soundcloud.com/youpunk-net,Not yet,,,55,0,0
114,Comité de Lectura,https://www.soundcloud.com/comitedelectura,Not yet,Augusto Townsend,"Lima, Peru",2691,1,1998
401,gagagiga,https://www.soundcloud.com/hyungkuk-jang-joe,Not yet,Hyungkuk Jang,"seoul, Republic of Korea",167,10,0
910,VOA Urdu,https://www.soundcloud.com/voa-urdu,Not yet,,"Washington, United States",1882,0,3
792,Radio4InsideHealth,https://www.soundcloud.com/radio4insidehealth,Not yet,Inside Health,London,360090,194,6
423,Goodnews Mission,https://www.soundcloud.com/goodnewsmission,Not yet,,Republic of Korea,117,3,7
1120,3KND Kool N Deadly,https://www.soundcloud.com/3knd,Not yet,,"Melbourne, Australia",178,45,1188
523,Palavra Amiga,https://www.soundcloud.com/bispomacedo,Not yet,Bispo Edir Macedo,Brazil,10401,0,5
1330,7th Storey Projects,https://www.soundcloud.com/7th-storey-projects,Not yet,7th Storey Projects,United Kingdom,3403,188,118
497,BooksAudio[dot]Org,https://www.soundcloud.com/booksaudio,Not yet,BooksAudio[dot]Org,,756,1,19
758,Desert Island Discs 70-86,https://www.soundcloud.com/desert-island-discs-70-86,Not yet,,,33574,194,5
1251,93:20,https://www.soundcloud.com/9320pod,Not yet,93:20 Podcast,Manchester,1819,0,390
457,Egothermia Records,https://www.soundcloud.com/egothermia,Not yet,,"Amsterdam, Netherlands",18971,1911,60
1219,97.7 ESPN The Zone,https://www.soundcloud.com/espn-97-7-the-zone,Not yet,,,607,5,8420
700,Favorite Gentlemen,https://www.soundcloud.com/favoritegentlemen,Not yet,,United States,65056,14,0
1266,614tss,https://www.soundcloud.com/614tss,Not yet,614tss,,12,0,1218
47,Letter from America 93-96,https://www.soundcloud.com/letter-clinton,Not yet,,"Broadcasting House, London, United Kingdom",413358,194,13
762,Da Vinci Educativo,https://www.soundcloud.com/da-vinci-educativo,Not yet,Da Vinci Educativo,,38,0,411
901,VOA Noticias,https://www.soundcloud.com/voanoticias,Not yet,VOA Noticias,,597,0,42
998,user959843943,https://www.soundcloud.com/user959843943,Not yet,,,20,108,0
967,xindeqidian,https://www.soundcloud.com/xindeqidian,Not yet,左 丽,"合肥, China",71,0,2228
138,A Point Of View,https://www.soundcloud.com/apointofview,Not yet,,London,41207,194,17
516,Popmuzik,https://www.soundcloud.com/popmuzik_se,Not yet,Johan Alexed,"Gothenburg, Sweden",1196128,1165,43
824,zojakworldwide,https://www.soundcloud.com/zojakworldwide,Yes,Zojak World Wide,"Miami, United States",18103,6,2069
409,Grill Team,https://www.soundcloud.com/grill-team,Not yet,,"Sydney, Australia",111296,0,57
442,Escucha Simphony,https://www.soundcloud.com/escucha-simphony,Not yet,Escucha Simphony,,425,0,12
737,019dexter,https://www.soundcloud.com/019dexter,Yes,Dexter,United States,8646,97,37